--
-- PostgreSQL database dump
--

-- Dumped from database version 14.13 (Homebrew)
-- Dumped by pg_dump version 16.4 (Homebrew)

SET statement_timeout = 0;
SET lock_timeout = 0;
SET idle_in_transaction_session_timeout = 0;
SET client_encoding = 'UTF8';
SET standard_conforming_strings = on;
SELECT pg_catalog.set_config('search_path', '', false);
SET check_function_bodies = false;
SET xmloption = content;
SET client_min_messages = warning;
SET row_security = off;

--
-- Name: public; Type: SCHEMA; Schema: -; Owner: anguschik
--

-- *not* creating schema, since initdb creates it


ALTER SCHEMA public OWNER TO anguschik;

SET default_tablespace = '';

SET default_table_access_method = heap;

--
-- Name: app_category; Type: TABLE; Schema: public; Owner: postgres
--

CREATE TABLE public.app_category (
    id integer NOT NULL,
    name character varying(100) NOT NULL
);


ALTER TABLE public.app_category OWNER TO postgres;

--
-- Name: app_category_id_seq; Type: SEQUENCE; Schema: public; Owner: postgres
--

ALTER TABLE public.app_category ALTER COLUMN id ADD GENERATED BY DEFAULT AS IDENTITY (
    SEQUENCE NAME public.app_category_id_seq
    START WITH 1
    INCREMENT BY 1
    NO MINVALUE
    NO MAXVALUE
    CACHE 1
);


--
-- Name: app_customer; Type: TABLE; Schema: public; Owner: postgres
--

CREATE TABLE public.app_customer (
    customer_id integer NOT NULL,
    name character varying(100) NOT NULL
);


ALTER TABLE public.app_customer OWNER TO postgres;

--
-- Name: app_customer_customer_id_seq; Type: SEQUENCE; Schema: public; Owner: postgres
--

ALTER TABLE public.app_customer ALTER COLUMN customer_id ADD GENERATED BY DEFAULT AS IDENTITY (
    SEQUENCE NAME public.app_customer_customer_id_seq
    START WITH 1
    INCREMENT BY 1
    NO MINVALUE
    NO MAXVALUE
    CACHE 1
);


--
-- Name: app_item; Type: TABLE; Schema: public; Owner: postgres
--

CREATE TABLE public.app_item (
    id bigint NOT NULL,
    is_checked boolean NOT NULL,
    first_name character varying(100) NOT NULL,
    item_name character varying(100) NOT NULL,
    item_number character varying(100) NOT NULL,
    last_name character varying(100) NOT NULL,
    phone_number character varying(15) NOT NULL,
    side character varying(5) NOT NULL,
    size character varying(10) NOT NULL
);


ALTER TABLE public.app_item OWNER TO postgres;

--
-- Name: app_item_id_seq; Type: SEQUENCE; Schema: public; Owner: postgres
--

ALTER TABLE public.app_item ALTER COLUMN id ADD GENERATED BY DEFAULT AS IDENTITY (
    SEQUENCE NAME public.app_item_id_seq
    START WITH 1
    INCREMENT BY 1
    NO MINVALUE
    NO MAXVALUE
    CACHE 1
);


--
-- Name: app_order; Type: TABLE; Schema: public; Owner: postgres
--

CREATE TABLE public.app_order (
    order_id integer NOT NULL,
    total_price numeric(10,2) NOT NULL,
    order_date timestamp with time zone NOT NULL
);


ALTER TABLE public.app_order OWNER TO postgres;

--
-- Name: app_order_order_id_seq; Type: SEQUENCE; Schema: public; Owner: postgres
--

ALTER TABLE public.app_order ALTER COLUMN order_id ADD GENERATED BY DEFAULT AS IDENTITY (
    SEQUENCE NAME public.app_order_order_id_seq
    START WITH 1
    INCREMENT BY 1
    NO MINVALUE
    NO MAXVALUE
    CACHE 1
);


--
-- Name: app_orderdetail; Type: TABLE; Schema: public; Owner: postgres
--

CREATE TABLE public.app_orderdetail (
    od_id integer NOT NULL,
    quantity integer NOT NULL,
    order_date timestamp with time zone NOT NULL,
    order_id integer NOT NULL,
    price numeric(10,2) NOT NULL,
    product_id integer NOT NULL,
    CONSTRAINT app_orderdetail_quantity_check CHECK ((quantity >= 0))
);


ALTER TABLE public.app_orderdetail OWNER TO postgres;

--
-- Name: app_orderdetail_od_id_seq; Type: SEQUENCE; Schema: public; Owner: postgres
--

ALTER TABLE public.app_orderdetail ALTER COLUMN od_id ADD GENERATED BY DEFAULT AS IDENTITY (
    SEQUENCE NAME public.app_orderdetail_od_id_seq
    START WITH 1
    INCREMENT BY 1
    NO MINVALUE
    NO MAXVALUE
    CACHE 1
);


--
-- Name: app_product; Type: TABLE; Schema: public; Owner: postgres
--

CREATE TABLE public.app_product (
    product_id integer NOT NULL,
    name character varying(200) NOT NULL,
    brand character varying(100) NOT NULL,
    price numeric(10,2) NOT NULL,
    barcode character varying(30) NOT NULL,
    item_number character varying(50) NOT NULL,
    quantity_in_stock integer NOT NULL,
    description text,
    unit_size character varying(50) NOT NULL,
    category_id integer NOT NULL
);


ALTER TABLE public.app_product OWNER TO postgres;

--
-- Name: app_product_product_id_seq; Type: SEQUENCE; Schema: public; Owner: postgres
--

ALTER TABLE public.app_product ALTER COLUMN product_id ADD GENERATED BY DEFAULT AS IDENTITY (
    SEQUENCE NAME public.app_product_product_id_seq
    START WITH 1
    INCREMENT BY 1
    NO MINVALUE
    NO MAXVALUE
    CACHE 1
);


--
-- Name: app_recentlypurchasedproduct; Type: TABLE; Schema: public; Owner: postgres
--

CREATE TABLE public.app_recentlypurchasedproduct (
    id bigint NOT NULL,
    quantity integer NOT NULL,
    order_date timestamp with time zone NOT NULL,
    product_id integer NOT NULL
);


ALTER TABLE public.app_recentlypurchasedproduct OWNER TO postgres;

--
-- Name: app_recentlypurchasedproduct_id_seq; Type: SEQUENCE; Schema: public; Owner: postgres
--

ALTER TABLE public.app_recentlypurchasedproduct ALTER COLUMN id ADD GENERATED BY DEFAULT AS IDENTITY (
    SEQUENCE NAME public.app_recentlypurchasedproduct_id_seq
    START WITH 1
    INCREMENT BY 1
    NO MINVALUE
    NO MAXVALUE
    CACHE 1
);


--
-- Name: auth_group; Type: TABLE; Schema: public; Owner: postgres
--

CREATE TABLE public.auth_group (
    id integer NOT NULL,
    name character varying(150) NOT NULL
);


ALTER TABLE public.auth_group OWNER TO postgres;

--
-- Name: auth_group_id_seq; Type: SEQUENCE; Schema: public; Owner: postgres
--

ALTER TABLE public.auth_group ALTER COLUMN id ADD GENERATED BY DEFAULT AS IDENTITY (
    SEQUENCE NAME public.auth_group_id_seq
    START WITH 1
    INCREMENT BY 1
    NO MINVALUE
    NO MAXVALUE
    CACHE 1
);


--
-- Name: auth_group_permissions; Type: TABLE; Schema: public; Owner: postgres
--

CREATE TABLE public.auth_group_permissions (
    id bigint NOT NULL,
    group_id integer NOT NULL,
    permission_id integer NOT NULL
);


ALTER TABLE public.auth_group_permissions OWNER TO postgres;

--
-- Name: auth_group_permissions_id_seq; Type: SEQUENCE; Schema: public; Owner: postgres
--

ALTER TABLE public.auth_group_permissions ALTER COLUMN id ADD GENERATED BY DEFAULT AS IDENTITY (
    SEQUENCE NAME public.auth_group_permissions_id_seq
    START WITH 1
    INCREMENT BY 1
    NO MINVALUE
    NO MAXVALUE
    CACHE 1
);


--
-- Name: auth_permission; Type: TABLE; Schema: public; Owner: postgres
--

CREATE TABLE public.auth_permission (
    id integer NOT NULL,
    name character varying(255) NOT NULL,
    content_type_id integer NOT NULL,
    codename character varying(100) NOT NULL
);


ALTER TABLE public.auth_permission OWNER TO postgres;

--
-- Name: auth_permission_id_seq; Type: SEQUENCE; Schema: public; Owner: postgres
--

ALTER TABLE public.auth_permission ALTER COLUMN id ADD GENERATED BY DEFAULT AS IDENTITY (
    SEQUENCE NAME public.auth_permission_id_seq
    START WITH 1
    INCREMENT BY 1
    NO MINVALUE
    NO MAXVALUE
    CACHE 1
);


--
-- Name: auth_user; Type: TABLE; Schema: public; Owner: postgres
--

CREATE TABLE public.auth_user (
    id integer NOT NULL,
    password character varying(128) NOT NULL,
    last_login timestamp with time zone,
    is_superuser boolean NOT NULL,
    username character varying(150) NOT NULL,
    first_name character varying(150) NOT NULL,
    last_name character varying(150) NOT NULL,
    email character varying(254) NOT NULL,
    is_staff boolean NOT NULL,
    is_active boolean NOT NULL,
    date_joined timestamp with time zone NOT NULL
);


ALTER TABLE public.auth_user OWNER TO postgres;

--
-- Name: auth_user_groups; Type: TABLE; Schema: public; Owner: postgres
--

CREATE TABLE public.auth_user_groups (
    id bigint NOT NULL,
    user_id integer NOT NULL,
    group_id integer NOT NULL
);


ALTER TABLE public.auth_user_groups OWNER TO postgres;

--
-- Name: auth_user_groups_id_seq; Type: SEQUENCE; Schema: public; Owner: postgres
--

ALTER TABLE public.auth_user_groups ALTER COLUMN id ADD GENERATED BY DEFAULT AS IDENTITY (
    SEQUENCE NAME public.auth_user_groups_id_seq
    START WITH 1
    INCREMENT BY 1
    NO MINVALUE
    NO MAXVALUE
    CACHE 1
);


--
-- Name: auth_user_id_seq; Type: SEQUENCE; Schema: public; Owner: postgres
--

ALTER TABLE public.auth_user ALTER COLUMN id ADD GENERATED BY DEFAULT AS IDENTITY (
    SEQUENCE NAME public.auth_user_id_seq
    START WITH 1
    INCREMENT BY 1
    NO MINVALUE
    NO MAXVALUE
    CACHE 1
);


--
-- Name: auth_user_user_permissions; Type: TABLE; Schema: public; Owner: postgres
--

CREATE TABLE public.auth_user_user_permissions (
    id bigint NOT NULL,
    user_id integer NOT NULL,
    permission_id integer NOT NULL
);


ALTER TABLE public.auth_user_user_permissions OWNER TO postgres;

--
-- Name: auth_user_user_permissions_id_seq; Type: SEQUENCE; Schema: public; Owner: postgres
--

ALTER TABLE public.auth_user_user_permissions ALTER COLUMN id ADD GENERATED BY DEFAULT AS IDENTITY (
    SEQUENCE NAME public.auth_user_user_permissions_id_seq
    START WITH 1
    INCREMENT BY 1
    NO MINVALUE
    NO MAXVALUE
    CACHE 1
);


--
-- Name: django_admin_log; Type: TABLE; Schema: public; Owner: postgres
--

CREATE TABLE public.django_admin_log (
    id integer NOT NULL,
    action_time timestamp with time zone NOT NULL,
    object_id text,
    object_repr character varying(200) NOT NULL,
    action_flag smallint NOT NULL,
    change_message text NOT NULL,
    content_type_id integer,
    user_id integer NOT NULL,
    CONSTRAINT django_admin_log_action_flag_check CHECK ((action_flag >= 0))
);


ALTER TABLE public.django_admin_log OWNER TO postgres;

--
-- Name: django_admin_log_id_seq; Type: SEQUENCE; Schema: public; Owner: postgres
--

ALTER TABLE public.django_admin_log ALTER COLUMN id ADD GENERATED BY DEFAULT AS IDENTITY (
    SEQUENCE NAME public.django_admin_log_id_seq
    START WITH 1
    INCREMENT BY 1
    NO MINVALUE
    NO MAXVALUE
    CACHE 1
);


--
-- Name: django_content_type; Type: TABLE; Schema: public; Owner: postgres
--

CREATE TABLE public.django_content_type (
    id integer NOT NULL,
    app_label character varying(100) NOT NULL,
    model character varying(100) NOT NULL
);


ALTER TABLE public.django_content_type OWNER TO postgres;

--
-- Name: django_content_type_id_seq; Type: SEQUENCE; Schema: public; Owner: postgres
--

ALTER TABLE public.django_content_type ALTER COLUMN id ADD GENERATED BY DEFAULT AS IDENTITY (
    SEQUENCE NAME public.django_content_type_id_seq
    START WITH 1
    INCREMENT BY 1
    NO MINVALUE
    NO MAXVALUE
    CACHE 1
);


--
-- Name: django_migrations; Type: TABLE; Schema: public; Owner: postgres
--

CREATE TABLE public.django_migrations (
    id bigint NOT NULL,
    app character varying(255) NOT NULL,
    name character varying(255) NOT NULL,
    applied timestamp with time zone NOT NULL
);


ALTER TABLE public.django_migrations OWNER TO postgres;

--
-- Name: django_migrations_id_seq; Type: SEQUENCE; Schema: public; Owner: postgres
--

ALTER TABLE public.django_migrations ALTER COLUMN id ADD GENERATED BY DEFAULT AS IDENTITY (
    SEQUENCE NAME public.django_migrations_id_seq
    START WITH 1
    INCREMENT BY 1
    NO MINVALUE
    NO MAXVALUE
    CACHE 1
);


--
-- Name: django_session; Type: TABLE; Schema: public; Owner: postgres
--

CREATE TABLE public.django_session (
    session_key character varying(40) NOT NULL,
    session_data text NOT NULL,
    expire_date timestamp with time zone NOT NULL
);


ALTER TABLE public.django_session OWNER TO postgres;

--
-- Data for Name: app_category; Type: TABLE DATA; Schema: public; Owner: postgres
--

COPY public.app_category (id, name) FROM stdin;
1	Dental 
2	Shaving
3	Skin Care
4	Shampoo
5	Insect
6	Vitamins
7	Personal Accessories
8	Diabetes
9	Children/Baby
10	Cold/Sinus
11	NSAIDs
12	Muscle Pain
13	Suppository/Anti-Nausea
14	Melatonin
15	Cream
16	Eye/Ear Care
17	First-Aid
18	Feet
19	Women
20	Supplements
21	Allergy
22	Laxative
23	checkthis
25	health one
\.


--
-- Data for Name: app_customer; Type: TABLE DATA; Schema: public; Owner: postgres
--

COPY public.app_customer (customer_id, name) FROM stdin;
\.


--
-- Data for Name: app_item; Type: TABLE DATA; Schema: public; Owner: postgres
--

COPY public.app_item (id, is_checked, first_name, item_name, item_number, last_name, phone_number, side, size) FROM stdin;
29	t	Angus	mko wrist brace	0011	Chik	416-670-2388	right	xsmall
\.


--
-- Data for Name: app_order; Type: TABLE DATA; Schema: public; Owner: postgres
--

COPY public.app_order (order_id, total_price, order_date) FROM stdin;
1	4.99	2024-10-31 13:25:14.318853-04
2	0.00	2024-10-31 13:25:24.514852-04
3	15.99	2024-11-01 03:31:12.384142-04
4	0.00	2024-11-01 18:44:19.715228-04
5	11.99	2024-11-04 14:07:58.027948-05
6	0.00	2024-11-04 15:51:47.731654-05
\.


--
-- Data for Name: app_orderdetail; Type: TABLE DATA; Schema: public; Owner: postgres
--

COPY public.app_orderdetail (od_id, quantity, order_date, order_id, price, product_id) FROM stdin;
93	1	2024-10-31 13:25:22.890938-04	1	4.99	610
94	1	2024-11-01 18:43:42.695779-04	3	15.99	617
96	1	2024-11-04 15:51:46.289029-05	5	11.99	17
\.


--
-- Data for Name: app_product; Type: TABLE DATA; Schema: public; Owner: postgres
--

COPY public.app_product (product_id, name, brand, price, barcode, item_number, quantity_in_stock, description, unit_size, category_id) FROM stdin;
2	Skincare Oil 200	bio oil	37.99	891038001028	537407	1	\N	200 ml	3
4	Foaming facial cleanser	cerave	24.99	3606000552593	111122	1	\N	562 ml	3
5	Hydrating Cleanser	cerave	25.99	3606000546349	145837	1	\N	562 ml	3
6	Hydrating cream-to-foam	cerave	22.99	3606000569119	154438	1	\N	562 ml	3
7	Moisturizing Cream 	cerave	35.99	3606000531673	133539	1	\N	562 ml	3
9	Cetaphil	cetaphil	19.99	772618075007	606376	1	\N	500	3
10	Cetaphil	cetaphil	14.99	772618072501	606368	1	\N	250	3
11	Restoraderm Body Wash	cetaphil	16.99	772618233001	915645	1	\N	255	3
688	Gelusil - Antacid/Antigas - COOLMINT	GELUSIL	12.99	664985010210	187184	2		100TABS - CHEWABLE	22
59	Herbion Cough Syrup Children	Herbion	13.99	4607006674837	47771	1	\N	150 ml	9
60	GENEXA KIDS PAIN and FEVER 	Genexa	16.99	857630006878	178298	1	\N	118 ml	9
61	Helixia, Kids Natural Defense	Helixia	33.99	625972020070	162624	1	\N	120 ml	9
692	Clotrimaderm Vaginal Cream 2% with Applicaton 25g	Taro	15.99	063691007871	699983	1		25g	19
161	Sleep-eze Extra Strength Gelcaps Nighttime Sleep Aid	Sleep Eze	9.99	075137017207	845909	1	\N	20 ct	14
162	Sleep-eze D Extra Strength 	Sleep Eze	6.99	075137017405	285312	1	\N	10 ct	14
167	Jamieson - Melatonin 3 mg - Unflavoured Fast Dissolving Tablets 	Jamieson	14.99	064642059000	955823	1	\N	100 ct	14
168	Jamieson Melatonin 5 mg Extra Strength - Chocolate Mint Flavour Fast Dissolving Tablets	Jamieson	16.99	064642062123	971473	1	\N	100 ct	14
178	Polysporin Original Antibiotic Ointment,	Polysporin	12.99	062600252234	152209	1		15g	15
232	Metamucil - 3 in 1 MultiHealth Fibre! Fiber Supplement Powder, Orange	Metamucil	19.99	056100046561	458091	1	\N	575 g	22
187	Nexcare™ Tegaderm™ Waterproof Transparent Dressing, 400W, Nexcare	3m	8.99	051131222137	160054	1	\N	6 Patches	17
189	Nexcare™ Gentle Removal Eye Patch KRR-14-CA, Regular	3m	12.99	051131217294	146965	1	\N	14 Patches	17
190	Nexcare™ Opticlude™ Eye Patch 1539-CA, Regular	3m	12.99	051119000238	120377\n	1	\N	20 Patches	17
200	Nexcare™ Soft & Stretch Tape	3m	3.99	051131222519	158249	1	\N	1 roll	17
201	Nexcare™ Flexible Clear First Aid Tape Dispenser	3m	7.99	051131222670	170591	1	\N	1 roll	17
205	alcool isopropylique 70% 450ml	MPCP	8.99	085412676654	164578	1	\N	450 ml	17
208	Rougier Hydrogen Peroxde 3% 10 Volume Usp 	Rougier	6.99	058739978473	98947	1	\N	300 ml	17
225	Iberogast 100ml, 100ml	Iberogast	39.99	056500370563	128522	1	\N	100ml	22
226	Lactaid Extra Strength Tablets, 40 Count	Lactaid	21.99	062600143273	671644	1		40 ct	22
228	Lactaid Fast Acting Caplets - Lactose Enzyme Break Down - Gas, Bloating or Diarrhea - Milk & Dairy	Lactaid	26.99	064541318857	859462	0		40 ct	22
234	Nexium 24 Hour Acid Reducer 	Nexium	19.99	062107072007	99524	1	\N	14 ct	22
239	Restoralax Restoralax Powder Laxative, Effective Relief, No Taste, No Grit, No Gas, No Bloating, No Cramps, Convenient 10 Single Dose Sachets 10.0 Pk	Resotralax	22.99	056219823916	730945	4	\N	10 ct	22
240	Senokot Natural Source Laxative 10tb	Senokot	4.99	060025768408	158161	1		10 ct	22
241	Pharmascience Soflax Docusate Sodium	PharmaScience	6.99	057606434463	383182	1	\N	100 ct	22
315	Johnson's Baby Powder with Aloe, Vitamin E, and Cornstarch	Johnson's	8.99	062600114358	149241	1	\N	623 g	9
317	HPA Lanolin Nipple Cream 100% natural & safe for baby	Lansinoh	15.99	044677940504	22664	1	\N	40 Grams	9
318	Ovol Drops Mint Flavour	Ovol	9.99	058738666852	157744	1	\N	15mL	9
326	Pedialyte Electrolyte Oral Rehydration Solution, Fruit	Pedialyte	13.99	055325803652	674846	1	\N	1-L	20
327	Vaseline Protective & Pure Petroleum Jelly	Vaseline	8.99	065656913074	642827	1	\N	375g	3
328	Vaseline Original Petroleum Jelly	Vaseline	4.99	065656201218	505842	1	\N	100 g	3
329	Vaseline Original Petroleum Jelly	Vaseline	6.99	065656912909	642850	1	\N	215 g	3
330	Vaseline Original Petroleum Jelly	Vaseline	8.99	065656912886	642728	1	\N	375 g	3
348	Ultra Thin Daytime Pads with Wings, Size 3, Extra Long Super, Unscented	Always 	18.99	037000899082	186614	1	\N	38 ct	7
349	Xtra Protection 3-in-1 Daily Liners Extra Long With Leakguards, Unscented	Always	14.99	037000543015	150527	1	\N	 48 ct	7
350	Radiant Overnight Feminine Pads for Women, Size 4 for Nighttime, with Wings, Light Clean Scent	Always 	11.99	037000820239	135849	1	\N	20 ct	7
351	Radiant Pantiliners Regular Wrapped - Unscented	Always	8.99	037000928638	74517\n	1	\N	48 Liners	7
352	Infinity Feminine Pads for Women, Size 4 Overnight, with wings, unscented	Always	22.99	037000820253	163861	1	\N	38 ct	7
1	anti-itch	aveeno	15.99	381370036906	794594	2	\N	118ml	3
8	Acne Foaming Cleanser	cerave	23.99	3606000552791	165820	0	\N	150	3
13	Gentle Shampoo	Cliniderm	21.99	369787032407	149719	6		240	3
12	Cliniderm - Soothing Cream	Cliniderm	21.99	369787091008	151362	5		100mL	3
16	Moisturizing Cream	GlaxalBase	29.99	365197323142	133728	8		450g	3
14	Healing Ointment	eucerin	19.99	056594014053	147260	1	\N	190	3
3	Skincare Oil 125	bio oil	25.99	891038001011	788992	2		125 ml	3
19	Pure epsom Salt - Salt Lavender	Dr.Teals	11.99	811068010708	76301	1		1.36kg/3 lbs	3
17	Pure epsom Salt - Shea/Almond	Dr.Teals	11.99	811068017691	153231	6		1.36kg/3 lbs	3
15	Hand Cream	glysomed	12.99	041388005003	64924	1	\N	200	3
223	Gas-x Ultra Strength Softgels	GasX	13.99	058478103471	97032	3		27 GELCAPS	22
62	Advil Tb 200mg Pocket	Advil	3.99	062107004015	786749	1		10 ct	10
79	Apothecare Ibuprofen 100	apothecare	9.99	771313243346	478115	1		100 ct	10
85	Cherry flavoured extra strength benzocaine and menthol lozenges 	Cepacol	6.99	363824720166	27767	1	\N	16 ct	10
86	Honey and lemon sore throat lozenges, Sensations 	Cepacol	6.99	363824500607	26686	1	\N	16 ct	10
87	Sensations Sore Throat Lozenges, Lemon	Cepacol	6.99	363824001579	26634	1	\N	16 ct	10
88	Sensations Sore Throat and Cough, Sore Throat Lozenges	Cepacol	6.99	363824880051	28114	1	\N	16 ct	10
90	Mucinex® Chest Congestion Guaifenesin 600 mg Tablets Expectorant (Cough Medicine)	Mucinex	18.99	363824932446	95870	1	\N	20 ct	10
93	PROSPAN BY HELIXIA MENTHOL FLAVOUR 	Prospan	16.99	625972803185	125317	1	\N	200 ML	10
94	PROSPAN BY HELIXIA ADULT COUGH SYRUP - MENTHOL 	Prospan	16.99	625972020094	125318\n	1	\N	100 ML	10
102	NeilMed Sinus Rinse Premixed Refill Packets	Neilmed	26.99	705928002005	417667	1	\N	100 ct	10
104	NeilMed NasaFlo Neti Pot, Natural soothing saline nasal wash	neilmed	23.99	705928008168	171066	1	\N	100 ct	10
105	NEILMED HYPERTONIC - EXTRA STRENGTH - REFILLS 	neilmed	27.99	705928004009	11549\n	1	\N	70 ct	10
80	Health One ExtraS. Ibuprofen	Heath One	10.99	771313225892	0	1	\N	24 ct	10
81	Health One Ibuprofen liquid	Heath One	10.99	771313244282	0	1	\N	32 ct	10
82	Health One Ibuprofen liquid	Heath One	14.99	771313244299	0	1	\N	72 ct	10
110	Vicks VBR-5FPC Vapopads Refill Pads, 10 pads	vicks	22.99	328785105056	112752	1	\N	10pads	10
111	Vicks Portable Steam Inhaler	vicks	18.99	328785401004	648998	1	\N	1	10
114	Dristan - Long Lasting Nasal Spray 15ml	dristan	8.99	850024431041	168148	1	\N	15ml	10
121	Rhinaris Hypertonic Spray - Nasal Congestion -100ml	rhinaris	14.99	625972020339	112643	1	\N	100ml	10
122	Salinex - Nasal Spray Saline For Adults	salinex	7.99	057513076305	638312	2		30ml	10
95	Robitussin Cough Control for People with Diabetes	robistussin	12.99	062107494502	85795	4		115 ML	10
693	Biotin - Ultra-Strength 10000mcg	Jamieson	25.99	064642078766	95801	3		45gels	6
89	Mucinex ® Multi-Action Cold, Flu & Sore Throat Caplets	Mucinex	18.99	363824954868	152391	2	\N	20 ct	10
356	PMS Caffeine-Free, Fast Relief of Pre-Menstrual Period Symptoms	Midol 	14.99	056500372161	168855	1	\N	40 Caplets 	19
358	Scentsitive Scents® White Jasmine Daily Intimate Wash	Vagisil	8.99	011509018045	121101	1	\N	240 mL	19
359	Scentsitive Scents® Peach Blossom Daily Intimate Wash	Vagisil	8.99	011509018076	121612	1	\N	240 mL	19
362	Nasal Aspirator PS900 For Children	PharmaScience	4.99	063636900342	220798	1	\N	1	7
363	Mansfield Nasal Aspirator	Mansfield	4.99	058542010278	306464	1	\N	1	7
383	Latex Finger Cots	PharmaSciernce	5.99	063636002145	293233	1	\N	1	18
385	Wartner Wart Removal System	Wartner	22.99	075137830158	123695	1	\N	10 CT	18
386	Plantar Wart Removal System	Wartner	28.99	075137830165	122663\n	1	\N	10 CT	18
387	Soluver Plus	Soluver	23.99	067520000064	469692	1	\N	10ml	18
389	Visco-Gel Hammer Toe Cushion	Pedifix	16.99	092437293353	13475	1	\N	1	18
390	Clomitraderm Cream 1%	Taro	18.99	063691007864	699629\n	1	\N	30 g	15
391	Heel Care Cream	Dermal Therapy	13.99	068777051649	28906	1	\N	90 g	18
392	Maximum Strengh Itch relief Moisturizer cream	Gold Bond	11.99	057990063713	177826	1	\N	283 g	18
103	NeilMed Sinus Rinse Complete Kit	neilmed	0.00	257890010080	0	4		50 ct	10
75	ASPIRIN 81mg Quick Chews, Enteric Coated	Bayer	0.00	560503570575	0	2		30 ct	11
224	Gas X Ultra Strength Fast Gas Relief Soft Gels, 45 soft gels	GasX	19.99	058478103488	97633	2		45 ct	22
130	BIOFREEZE COLD THERAPY SPRAY	Biofreeze	19.99	731124000736	121329	1		89ml	12
128	BIOFREEZE ROLL-ON, FOR ARTHRITIS, BACK PAIN, SORE MUSCLES AND JOINTS	Biofreeze	19.99	731124000729	121331	1		74ml	12
172	Barriere Cream	Barriere	10.99	365197326013	32524	1		100g	15
129	Biofreeze Cold Therapy Pain Relief Gel	Biofreeze	19.99	731124000712	121330	1		89ml	12
127	Lakota Back Pain Roll-on Pain Reliever Liquid	Lakota	23.99	697989000505	857508	1	\N	88g	12
139	MYOFLEX EXTRA STRENGTH CREAM 15% 	MyoFlex	12.99	825422000052	133895	1	\N	100g	12
140	Salonpas Pain Relieving Patch Large	Salonpas	5.99	4987188507278	166433	1	\N	4	12
141	SALONPAS PAIN RELIEVING PATCH 	Salonpas	4.99	4987188505045	140199\n	1	\N	20	12
159	SEA-BAND ANTI-NAUSEA WRISTBAND - ADULT	Sea Band	19.99	872798002913	987040	1	\N	1 ct	13
160	SEA-BAND ANTI-NAUSEA WRISTBAND - CHILD	Sea Band	19.99	872798002920	987180	1	\N	1 ct	13
163	Webbers - Melatonin 1 mg Quick Dissolve Sublingual Tablets	Webbers	9.99	625273036046	72862	1	\N	90 ct	14
164	Webbers Naturals Melatonin 3 mg 	Webbers	17.99	625273038255	22225	1	\N	180 ct	14
165	Webbers - Melatonin Maximum Strength Quick Dissolve 10 mg	Webbers	17.99	625273038279	23824\n	1	\N	60 ct	14
170	Melatonin Gummies 10 mg, Cherry Pomegranate	Webbers	16.99	625273036879	136478	1	\N	60 ct	14
174	Sandoz Hydrocortisone	Sandoz	9.99	622082282695	84109	1	\N	23g	15
694	Senokot S - Laxative	Senokot	8.99	060025768620	158236	2		20tabs	22
394	Tinactin Antifungal Foot Cream	Tinactin	18.99	056219120305	2642	1	\N	30 g	18
395	Instant Hand Sanitizer with Aloe	Purell	11.99	073852027785	173319	1	\N	591 g	17
396	Instant Hand Sanitizer with Aloe	Purell	5.99	073852402193	20763	1	\N	236 g	17
397	Instant Hand Sanitizer with Aloe	Purell	2.99	073852402186	856328	1	\N	55 g	17
398	Instant Hand Sanitizer	Purell	5.99	073852401073	20765	1	\N	236 g	17
482	Gillette - Series Sensitive Shave Gel 	Gilllette 	2.99	047400130920	273136	1	\N	75g	2
483	Moisturing Shave Gel	Gilllette 	6.99	047400130715	197962	1	\N	75g	2
491	Maximum Hydration Moisturizing Post Shave Balm with Aloe Vera	Nivea	11.99	072140813000	95667	1	\N	100g	2
492	Originals Extra Moisture Shaving Gel 	Nivea	6.99	072140817602	115704	1	\N	7 oz	2
493	Protect and Care Face Lotion 	Nivea	12.99	056594888081	695700	1	\N	75g	2
501	Spectro Jel Unscented	Spectro	8.99	060815041032	657197	1	\N	200ml	4
508	Kids - Itch Eraser Instant Relief Gentle Cream	After Bite 	7.99	044224610805	175505	1	\N	20ml	5
509	Itch stopping Cream topical 	Benadryl 	15.99	062600305664	146961	1	\N	28ml	5
514	Natural Vitamin B12	Swiss	15.99	068120238024	870196	1	\N	90ct	6
175	OZONOL ANTIBIOTIC PLUS OINTMENT 	Ozonol	0.00	825422000014	0	1	\N	30g	15
176	OZONOL OINTMENT	Ozonol	0.00	825422000038	0	1	\N	60g	15
515	Double Action Vitamin C and Zinc - Orange	Redoxon	8.99	056500364456	62728	1	\N	15ct	6
516	Vitamin B - Orange	Redoxon	7.99	056500359445	212290\n	1	\N	10ct	6
534	Cholessterol w/Vegapure 	Swiss	31.99	068120918018	305318	1	\N	50ct	6
123	Salinex Children’s Nasal Spray 30mL	salinex	0.00	057513076404	0	1	\N	30ml	10
152	Gravol Taste Free - Liquid Gel	Gravol	4.99	357802378029	605493	2		8 ct	13
135	HO ExtraS. Muscle and back pain relief	Health One	0.00	066000021056	0	1	\N	18	12
539	Vitamin C 	Nature's Bountry 	19.99	029537000505	159700	1	\N	90ct	6
545	Lutein 40mg 	Nature's Bountry 	23.99	029537319416	164724	1	\N	75ct	6
566	Just Protein - Unflavoured Instant protein powder	Boost	29.99	041679990254	102519	1	\N	227g	6
571	Twice daily pill and vitamin planner - Extra Large	PharmaScience	17.99	063636002800	234567	1	\N	1	7
572	Pill Crusher  3 in 1 	Mansfield 	9.99	058542555885	20099	1	\N	1	7
182	Adhesive Bandages for Kids, Marvel Spiderman	Band Aid	6.99	381371162833	72518	1		20 Patches	17
236	pepto Bismol Liquid for Nausea, Heartburn, Indigestion, Upset Stomach, and Diarrhea Relief, Original Flavor	Pepto Bismol	19.99	056100008729	196733	5		480 ml	22
180	Band-Aid Band-Aid Flexible Fabric Adhesive Bandages Knuckle Fingertip	Band Aid	7.99	381370044529	977926	1		20 Patches	17
179	Band-Aid® Brand Flexible Fabric Adhesive Bandages, Light Brown Skin Tone (BR45), Assorted Sizes	Band Aid	6.99	062600404244	157949	1		30 Patches	17
188	Nexcare™ Steri-Strip™ Skin Closures	3m	9.99	638060922248	158586	1	\N	18 Patches	17
192	Paramedic Canada Abdominal Pads 8'' X 10'	Paramedic	4.99	620278011616	825869	1	\N	2 Patches	17
202	Primapore 20cm x 10cm 	Primapore	29.99	5000223420291	886895	1	\N	20 patches	17
221	Saline ENEMA SODIUM PHOSPHATE SALINE 130ML	Fleet	7.99	301320000191	124386	1	\N	130ml	22
222	Saline ENEMA MINERAL OIL 130ML	Fleet	7.99	301320000184	124389	1	\N	130ml	22
227	Lacteeze Drops for Milk, Treats up to 75 litres	Lacteeze	25.99	628467006207	235150	1	\N	15 g	22
229	Lax-A-Fiber - Suitable those for lack dietary fibre	LAX-A FIBER	15.99	625972020292	107384	1	\N	336 g	22
195	Non stick 10piece 2X3	Health One	0.00	627980500506	0	1	\N	10 Patches	17
197	non stick 10 piece 3X4	Health One	0.00	627980500490	0	1	\N	10 Patches	17
230	Lax-Nema - Sodium Phosphates Enema Immediate relief Acts within minutes	LAX-A-NEMA	5.99	625972020193	105299	1	\N	130 ml	22
695	Aveeno - Daily moisturizing BODY WASH	Aveeno	15.99	062600063847	464057	1		532mL	3
203	MEPORE PRO 9 x 25 cm Waterproof Self Adhesive Bandage 	Mepore	0.00	7323190253197	0	1	\N	30 Patches	17
204	Sodium chloride irrigation 500 ml	MPCP	0.00	853697005274	0	1	\N	500 ml	17
577	Reusable Therma Kool Hot-Cold Compress- 6 x 9.75 in	Therma Kool	0.00	010824000698	0	1	check this	1	7
583	Lancets Softclix 100 Pack	Accuchek	14.99	064562213223	52936	1	\N	100ct	8
584	Lancets Softclix 200 Pack	Accuchek	27.99	064562213216	98541	1	\N	200ct	8
585	Sterile Lancets 28 Gauge	Freestyle	14.99	093815704270	94529\n	1	\N	28ct	8
590	Talking Blood Pressure Monitor	Lifesource	174.99	093764602948	17569	1	\N	1	8
591	Essential Wrist BP Monitor UB-525	Lifesource	109.99	093764604010	148748	1	\N	1	8
592	UP-100CN Fingertip Pulse Ox	LifeSource	61.99	093764604157	170585	1	\N	1	8
593	Glucose Tablets, Grape	Dex-4	4.99	057565949466	505750	1	\N	10ct	8
594	Glucose Tablets, Rasberry	Dex-4	4.99	057565949442	505560	1	\N	10ct	8
595	Glucose Tablets, Orange	Dex-4	4.99	057565949435	505735	1	\N	10ct	8
596	Dex4 Glucose tablets Assorted Fruits	Dex-4	16.99	057565961154	100376	1	\N	50ct	8
600	Needles 30g X 8mm	Novofine	69.99	059014862036	117796	1	\N	100ct	8
601	Needles 6mm 32G	NovoFine	71.99	059014866010	258376	1	\N	100ct	8
507	Itch Eraser Instant Relief Gentle Cream	After Bite	71.99	044224017048	258376	0		20ml	5
46	JUNIOR CHEWABLE TABLETS - BLUE RASPBERRY	Advil	13.99	062107006200	650176	10		20 ct	9
199	self-cling gauze - Large	Health One	2.99	627980500544	0	1		1 roll	17
198	self-cling gauze - Medium	Health One	2.99	627980500537	0	1		1 roll	17
196	Self-cling gauze - Small	Health One	2.99	627980500520	0	0		1 roll	17
209	Align Probiotic, daily probiotic supplement for digestive care	Align	27.99	056100078722	95431	1		14 ct	22
210	Almagel 200	Almagel	5.99	068625179518	510810	1		350mL	22
214	Colace Glycerin Suppositories - Adult | Gentle Fast Acting Relief of Occasional Constipation, 12 Suppositories	Colace	4.99	0664985010012	96477	0		12 ct	22
215	Original Glycerin Suppositories For Infants And Children 12 suppositories	Colace	3.99	664985010043	109168	8		12 ct	22
218	Dulcolax Laxative 5mg 30 Tablets	Dulcolax	4.99	057990062969	0008	1		30 ct	22
220	Eno Antacid Effervescing Powder	Eno	12.99	060815007281	979203	1		200g	22
43	ACET 120mg – Acetaminophen Suppositories USP	Acet	12.99	057606043429	637546	0	Suppositories	12 ct	9
271	Boiron - Stodal Child	Boiron	13.99	774016648968	16931	1		125ml	9
238	Relaxa laxative powder sachets 30 sacs	Relaxa	28.99	665982000129	106163	1	\N	30 ct	22
233	Metamucil - MultiHealth Fibre! Sugar-Free Fiber Suplement Powder, Orange	Metamucil	29.99	037000308577	600114	1	\N	425 g	22
696	Lactaid - Fast ACT 40 tabs	Lactaid	26.99	064541318864	859413	1		40tabs	22
272	Anti-Nausea	Health One	3.99	101	0	1		30 ct	25
274	Calcium 200 size	Health One	17.99	102	0	1		200 ct	25
276	Cold Med day/night	Health One	10.99	103	0	1	\N	30 ct	10
277	Desloratadine allergy control	Health One	11.99	104	0	1	\N	30 ct	21
278	Rapid Digital Thermometer	Health One	18.99	105	0	1	\N	1	10
279	Sterile Pads 3x3	Health One	5.99	106	0	1	\N	1 Patches	17
280	Ultra Strength Gas	Health One	7.99	107	0	1	\N	30 ct	22
281	Vicks Inhaler	Health One	6.99	108	0	1	\N	1	21
283	Foam Ear Plugs	Health One	5.99	110	0	1	\N	1	7
284	Ferrous Gluconate	Health One	7.99	111	0	1	\N	100 ct	6
285	Self-Cling Gauze Bandage 2in X 4.1yds	Health One	1.99	112	0	1	\N	1 Patches	17
286	Self-Cling Gauze Bandage 4in x 4.1yds	Health One	2.99	113	0	1	\N	1 Patches	17
287	Muscle Back Platinum Relief	Health One	2.99	114	0	1	\N	24 ct	12
289	Cold + Flu Day/ Night	Health One	10.99	115	0	1	\N	24 ct	10
290	Cold + Flu Liquid Gel	Health One	12.99	116	0	1	\N	24 ct	10
291	Diarrhea Relief	Health One	5.99	117	0	1	\N	24 ct	22
250	TYLENOL® Children's Fever and Sore Throat Pain Chewables, Relieves Fever and Sore Throat Pain Grape Flavour, For ages 2-11yrs	Tynenol	10.99	260601245701	127535	2		20 ct	9
282	Vitamin D3 100iu	Health One	9.99	066000021094	0005	6		180tabs	6
264	Tylenol Regular Strength Pain Relief Acetaminophen 325mg Liquid Gels	Tynenol	25.99	062600963161	92271	1	CHANGE TO TYNENOL	115 ct	20
292	Daily Pill Box	Health One	1.99	118	0	1	\N	1	7
293	Oral Medication Dropper	Health One	1.99	119	0	1	\N	1	7
294	Cotton Balls --> Jumbo or Regular (Mansfield)	Health One	3.99	120	0	1	\N	1	17
295	Cosmetic Pads	Health One	3.99	121	0	1	\N	1	7
296	Dusoft Sponges	Health One	7.99	122	0	1	\N	1	7
297	Self-Cling Gauze Bandage 3in X 4.1 Yds	Health One	2.49	123	0	1	\N	1	17
298	Sterile Pads 3x4	Health One	6.99	124	0	1	\N	1	17
299	Sterile Pads 2x3 	Health One	4.99	125	0	1	\N	1	17
301	Tough Bandages (20)	Health One	4.99	127	0	1	\N	20 ct	17
302	Calcium 500mg ( 250 tabs)	Health One	14.99	128	0	1	\N	250 ct	6
303	Extra Strength Cetrizine Tabs 10 mg (24 tabs)	Health One	12.99	129	0	1	\N	24 ct	21
304	Muscle and Back Pain Platinum Relief	Health One	12.99	130	0	1	\N	24 ct	12
305	Extra Strength Muscle and Back Pain Platinum Relief	Health One	7.99	131	0	1	\N	24 ct	12
306	Ibruprofen Extra Strength 	Health One	10.99	132	0	1	\N	24 ct	10
307	buprofen Extra Strength - Liquid Gels	Health One	10.99	133	0	1	\N	24 ct	10
45	ACET325 Children’s Acetaminophen Suppositories	Acet	14.99	057606043627	637678	0	Suppositories	12 ct	9
310	Boiron Coryzalia for colds and cold symptoms	Boiron Coryzalia	19.99	774016738676	536974	1	\N	60 Tablets	9
311	Baby Ddrops 400 IU	D-Drops	18.99	851228000071	821660	1		2.5 ml	9
316	Kids 0-9 Sinus-All-in-One Oral Solution with Dropper	Kids 0-9	14.99	778159453168	44437	1	\N	25ml	9
320	Ointment Extra-Strength Jar	Zincofax	15.99	628791005136	19267	1	\N	100 g	9
321	Hydralyte - Sports Hydration Tablets 	HYDRALYTE	15.99	9326173003053	178835	1	\N	40 ct	20
322	Effervescent Electrolytes Tablets Berry	HYDRALYTE	15.99	9326173001097	53569\n	1	\N	15 ct	20
323	HYDRALYTE ELECTROLYTE POWDER - BERRY	HYDRALYTE 	15.99	9326173000472	138252	1	\N	10X5GR	20
331	Reusable Underpad, 1 unit, 87 x 188 cm, Blue Waterproof Surface, Backing: White	Formedica	12.99	775604018804	455956	1	\N	13 ct	7
332	Ultrabok - Quilted Underpad 	Formedica	18.99	775757601809	786087	1	\N	13 ct	7
333	Reusable Underpad, 1 unit, 87 x 188 cm, Blue Waterproof Surface, Backing: White	Formedica	35.99	775604018828	397166	1	\N	13 ct	7
335	Ultimate Protective Incontinence Underwear Absorbency, Large	TENA	29.99	768702723206	119890	1	\N	13 ct	7
336	Ultimate Protective Incontinence Underwear Absorbency, Large, 13 units	TENA	28.99	768702721028	149185	1	\N	13 ct	7
334	PADS - ULTIMATE - REGULAR 	TENA	0.00	768702497008	0	1	\N	10 ct	7
340	MEN Absorbent Guards	TENA	0.00	768702507011	0	1	\N	10 ct	7
342	Day Incontinence Pad Insert, Regular Absorbency	TENA	0.00	768702624183	0	1	\N	 46 ct	7
343	Comfort Extra Absorbency Incontinence Pad	TENA 	0.00	768702623216	0	1	\N	30 ct	7
344	ULTRA FLUSH WASHCLOTHS	TENA	0.00	768702657266	0	1	\N	48S	7
345	Sensitive Care Extra Coverage Maximum | Incontinence pads	TENA	0.00	768702542951	0	1	\N	13 ct	7
346	Sensitive Care Ultra Thin Regular Pads	TENA	0.00	768702451000	0	1	\N	30 units	7
337	Incontinence Pads for Women, Overnight	TENA	35.99	768702542821	88395	1	\N	28 Pads	7
338	Incontinence Briefs, Super Absorbency	TENA	39.99	768702568005	405084	1	\N	14 ct	7
339	ULTRA FLUSH WASHCLOTHS 	TENA	11.99	768702657266	73236	1	\N	48 Cloths	7
341	Intimates Overnight Dry-Fast Core Adult Female Bladder Control Pads, 16 Inch	TENA	35.99	768702542821	88395	1	\N	28 ct	7
48	Strength Advil Pain Reliever and Fever Reducer Ibuprofen Chewable Tablets, Grape	Advil	22.99	062107006033	6046	1	\N	40 ct	9
49	Children’s Advil Dye Free Suspension (Blue Raspberry Flavour)	Advil	13.99	062107006118	156010	1	\N	100 ml	9
614	Tardan	Odan	28.99	767901723570	0004	3		250	4
309	Baby ProTectis Drops	Biogaia	44.99	779170137709	162910	1	\N	5mL	9
312	Flintstones Complete Kids Multivitamin Gummies	Flintstones 	0.00	056500372246	0	1	\N	180 Gummies	9
324	HYDRALYTE ELECTROLYTE POWDER - ORANGE	HYDRALYTE	15.99	1236793004560	138253	-1		10X5GR	20
314	Ihle’s 25% Zinc Oxide Paste	Ihle’s 	0.00	068625130076	0	1	\N	125g	9
50	Children’s Advil Suspension Dye-free Bubble Gum 	Advil	13.99	062107006415	164474	1	\N	100 ml	9
300	24 Hour Allergy Remedy	Health One	9.99	126	0	1		30 ct	25
354	Apo Flucanozole 150	Apo	0.00	771313249744	0	1	\N	1	19
76	ASPIRIN 81mg Daily Low Dose Preventative Treatment	Bayer	24.99	056500001207	267658	1		120 ct	11
368	Air-Pillo Comfort Ultra-Soft Cushioning, 1 unit	Dr.Scholl's	3.99	888853001340	163793	1		1	18
372	BUNION RELIEF & TOE CORRECTOR	Dr.Scholl's	26.99	888853003832	187277	1		1	18
365	CUTEX NAIL POLISH REMOVER - ULTRA-POWERFUL	CUTEX	3.99	309971370281	104040	1	\N	200ML	7
360	Health One Glass Droppers	Health One	0.00	627980500803	0	1	\N	2pk	7
366	CUTEX NAIL POLISH REMOVER - Strength-Sheild 	CUTEX	3.99	309971370267	104099	1	\N	200ML	7
369	Orthotics For Ball of Foot Pain	Dr.Scholl's	13.99	888853001913	174678	1	\N	1 pair	18
370	Comfort Heel Cushions, Womens	Dr.Scholl's	14.99	888853001395	163029	1	\N	1 pair	18
364	DIGITAL THERMOMETER W/10 SECOND READ	Health One	0.00	627980500377	0	1	\N	H ONE DIGITAL THERMOMETER W/10 SECOND READ 1'S	7
367	MKO HEEL THAT PAIN	MKO	0.00	857858000016	0	1	\N	1	18
373	Treatment Against Plantar Warts, Clear Away	Dr.Scholl's	19.99	888853001586	162262	1	\N	1	18
379	MKO PF SLEEVE	MKO	0.00	738435173296	0	1	\N	1	18
374	CALLUS CUSHION with Duragel Technology	Dr.Scholl's	6.99	888853001623	164025	1	\N	5 piece	18
375	One Step Callus Removers	Dr.Scholl's	9.99	888853001722	163799\n	1	\N	4 piece	18
376	Dr. Scholl's Liquid Corn & Callus Remover Salicylic Acid	Dr.Scholl's	9.99	888853001609	161394	1	\N	10 ml	18
377	Finger Splint Cotton Medium	Formedica	5.99	775604091685	599845	1	\N	1	18
378	Aluminium Finger Splints	Formedica	7.99	775604091784	163319	1	\N	1	18
381	Sport Insoles Massaging Gel for Women	Dr.Schools	22.99	888853001647	167893	1	\N	1 pair	18
382	O’Keeffe’s for Healthy Feet, Relief for Extremely Dry, Cracked Feet	O’Keeffe’s	17.99	722510132001	142423	1	\N	1	18
384	Fungi Nail Ointment	Fungi-Nail	17.99	628467002520	74144	1	\N	20 ml 	18
388	Hand Exerciser	First Medic	9.99	872798009837	171934	1	\N	1	7
393	Micnoazole Nitrate Cream	Micatin	18.99	365197344307	238238	1	\N	30 g	18
402	Tears 1% Lubricant Eye Drop	Alcon	15.99	300650402019	179519	1	\N	15 ml	16
52	Childrens Advil Dye Free Suspension Grape Flavour	Advil	13.99	062107004343	169293	1	\N	100 ml	9
53	Children’s Advil Dye Free Grape 	Advil	22.99	062107006446	523092	1	\N	230 ml	9
56	Childrens Benadryl Allergy Liquid Bubble Gum Flavour 	Benadryl	28.99	060245955381	114009	1	\N	250 ml	9
58	Claritin Kids Syrup Allergy Medicine - 24 Hour Non-Drowsy Kids Allergy Medication, Antihistamines For Kids, Fast Allergy Relief Of Itchy Watery Eyes, Sneezing, Runny Nose, Itchy Skin and Hives	Claritin	13.99	056219961212	29284	1	\N	120 ml	9
400	Single Use Disposable Face Masks - Pediatric Size	Canadamasq	0.00	687181824054	0	1	\N	50 piece	17
401	Single Use Disposable Face Masks - Pediatric Size	Canadamasq	0.00	652069962593	0	1	\N	50 piece	17
403	Lubricant drops for Contacts lenses	Blink 	12.99	824775902228	625970	1	\N	10 ml	16
404	Intensive moisturizing lubricant eye drops	Blink 	15.99	824775000085	87521	1	\N	10 ml	16
405	Moisturizing lubricant eye drops	Blink 	19.99	824775936315	547695	1	\N	30 ml	16
406	Triple Care Lubricating Eye Drops	Blink 	18.99	824775000290	179670	1	\N	10 ml	16
54	Kids Syrup Allergy Medicine - 24 Hour Non-Drowsy Kids Allergy Medication, Antihistamines For Kids, Fast Allergy Relief, Bubblegum Flavour	Advil	13.99	056219312168	707034	5		100 ml	9
257	Tylenol Extra Strength 	Tynenol	10.99	062600142511	831966	1	\N	50 ct	9
92	Buckley's Mucus & Phlegm Cough Syrup - Buckley's Syrups	Buckleys	16.99	058478107127	93296	1	\N	150 ML	10
353	Clotrimaderm Vaginal Cream 2% with Applicator	Taro	0.00	063691007918	0	1	\N	50g	7
417	Refresh - Optive Fusion	Refresh	27.99	069886954913	81030	1		10 ml X 2	16
410	Liposic ophthalmic	Liposalic	8.99	310119017012	304295	1		10 ml	16
416	Refresh - Optive advanced	Refresh	25.99	069886947717	56726	2		10 ml X 2	16
355	Midol Complete, Fast Multi-Symptom Period Pain Relief	Midol	0.00	056500372154	0	1	\N	40 Caplets	19
148	Anusol Multi-Symptom Hemorrhoid Pain Relief Suppositories	Anusol	21.99	058738999363	117834	1		24g	13
440	Murine Ear Wax Removal 	Murine	9.99	678112736256	731125	1	\N	15ml	16
442	Eye Mask 	Bausch + Lomb	12.99	310119022740	61966	1	\N	1 Mask	16
438	Systane Lid Wipes	Alcon	14.99	056394200069	35321	3		32 ct	16
420	SYSTANE Complete	Systane	18.99	056394810015	123564	9		10ml	16
421	Systane Ultra	Systane	15.99	056394310119	33845	2		10 ml	16
96	Robitussin Extra Strength Cough Control Liquid 	robitussin	22.99	062107482004	759431	1	\N	250 ML	10
97	Robitussin Extra Strength Cough Control 	robistussin	12.99	062107469005	151337	1	\N	100 ML	10
98	Robitussin Cough Control 	robistussin	22.99	062107468008	41889	1	\N	250 ML	10
99	Robitussin DM CoughGels	robistussin	11.99	062107495004	787473\n	1	\N	20 ct	10
100	Robitussin Mucus & Phlegm Syrup Cherry Flavour Extra Strength	robitussin	11.99	062107471008	149400	1	\N	100 ML	10
101	Robitussin Mucus & Phlegm Extra Strength Syrup Cherry	robitussin	18.99	062107473002	759183	1	\N	250 ML	10
109	Vicks VapoRub Nasal Decongestant Cough Suppressant Ointment, Lavender Scent, 50g	vicks	8.99	056100080404	127421	1	\N	50g	10
481	XyliMelts - Dry Mouth	Oracoat	20.99	855933000715	151485	1	\N	40 ct	1
426	Tears Naturale Forte	Alcon	12.99	056394600111	66852	1		15 ml	16
427	Tears Naturale II	Alcon	12.99	056394056956	761395	1		15 ml	16
428	PreserVision - Omega 3	bausch + Lomb	39.99	324208625903	178931	2		120 ct	16
419	Sooth - Night time	Bausch + Lomb	10.99	010119015383	855353	2		3.5 ml	16
430	Preservision AREDS 2	bausch + Lomb	41.99	324208697627	154920	1		120 ct	16
423	Systane Bion Tears	Systane	18.99	056394900389	91993	8		0.4 ml X 24	16
424	Systane Ointment - Nighttime Relief	Systane	10.99	056394900501	92110	1		3.5 ml	16
425	Tear-Gel	Bausch + Lomb	15.99	063601662596	193037	9		10 ml	16
434	Clear-Care Plus - HydraGlyde	Clear Care	21.99	056394300547	92806	2		360 ct	16
432	Vitalux Advanced	Alcon	46.99	056394301834	123560	5		120 ct	16
429	PreserVision AREDS 2	bausch + Lomb	23.99	324208697603	147723	4		60 ct	16
418	Refresh - Optive Fusion	Refresh	17.99	069886946079	133906	1		10 ml	16
436	Solo Care Aqua	Monicon	28.99	853253003171	87662	1		350 ml X 2	16
437	Sensitive Eyes - Saline Plus	bausch + Lomb	6.99	010119008415	322644	5		355ml	16
443	Colgate Extra Clean ToothBrush - soft	Colgate	2.99	058000308763	548750	1		1	1
447	MicroMint	Plackers	4.99	651080196048	151923	4		75 ct	1
448	Soft-Picks	GUM	6.99	070942304467	17932	2		80 ct	1
457	AquaFresh Extreme Clean Whitening Action Toothpaste	AquaFresh	3.99	060815034881	2926	1		90ml	1
449	Stim-u-dent	The Natural Dentist	3.99	334362000133	154021	5		100 ct	1
452	Superfloss	Oral-B	5.99	301402578060	108944	1		50 ct	1
453	Orajel - Canker Sores	OraJel	8.99	059972101604	796516	4		9.5 g	1
451	Orabase - Oral protective paste	Convatec	18.99	456781567803	56564	1		7.5 g	1
422	Systane Ultra 	Systane 	23.99	056394700262	159455	1	\N	30 ml	16
458	Colgate Total Whitening Toothpaste Gel	Colgate	7.99	058000142176	134880	1		170ml	1
459	Prevident 5000 plus	Colgate	17.99	038341287026	020779	1		39ml	1
460	Prevident 5000 plus - Booster Plus	Colgate	16.99	038341105955	166389	1		100ml	1
467	Pro-health Gum detoxify and restore	Crest	10.99	056100083177	156568	4		110 ml	1
461	Fixodent Extra-Hold denture powder	Fixodent	10.99	056100007807	468033	1		62 ml X 2	1
466	Pro-health Gum detoxify and restore	Crest	9.99	030772062067	177723	1		90 ml	1
468	Biotene - Dry Mouth Moisturizing Mouthwash	Biotene	16.99	060815062013	13153	3		473 ml	1
469	Biotene - Dry Mouth Moisturizing Spray	Biotene	16.99	060815063461	44858	1		44 ml	1
472	Listerine Zero - Cool Mint	Listerine	13.99	062600953957	420	2		1L	1
475	Opti-Rinse Plus (Green Apple)	Opti-Rinse	16.99	663635001233	163723	1		500 ml	1
474	Opti-Rinse Plus (grape)	Opti-Rinse	15.99	663635001226	151486	1		500 ml	1
471	Listerine Zero - Total Care	Listerine	14.99	062600959768	6609	3		1L	1
473	Listerine Zero - Green Tea	Listerine	13.99	062600349828	145856	4		1L	1
478	Polident Overnight Daily Denture Cleaner	Polident	14.99	069682165001	278218	4		96 ct	1
480	Pastilles 100% - Fruit	X-Pur	11.99	663635000304	30229	1		130 ct	1
431	Vitalux Advanced + Omega-3	Alcon	38.99	056394301636	92116	3		75 ct	16
445	Proxabrush	GUM	6.99	070942305136	17946	5		10 ct	1
479	Pastilles 100% - Peppermint	X-Pur	11.99	663635000298	30223	1		130 ct	1
485	Satin Care Dry Skin	Gilllette	5.99	047400141506	196014	1		198g	2
454	Orajel - Maximum toothache Relief	Orajel	9.99	059972071303	150238	1		9.5 g	1
433	Vitalux Advanced - Chewable	Alcon 	29.99	056394301315	75130	1	\N	50 ct	16
435	Re-Nu Fresh Travel Kit	Bausch & Lomb	6.99	010119039822	162163	1	\N	1	16
191	Band-Aid Brand CUSHION-CARE™ Gauze Pads sterile ideal for Minor Cuts, Scrapes & Burns, Non-Adhesive & Individually-Wrapped Wound Care Dressing Pads, Small Size, 2 inches x 2 inches, 25 Count	Band Aid	11.99	062600963529	72782	1		25 Patches	17
550	Multivitamins	Webbers	8.99	625273031454	806570	11		100ct	6
496	Vitamin-C Day serum 	Garnier	20.99	3600542444149	183593	1	\N	30ml	3
504	URisec Cream 22%	Urisec	153486.00	776097220651	153486	1	\N	225ml	3
486	Itech Defense Calming Lotion 	Curel 	16.99	062400154752	217034	1	\N	480g	2
487	Revitlizing Vitamin E moisturizer	Jergens	15.99	062400254452	139067	1	\N	620g	3
115	Drixoral No Drip Extra Moisturizing - 15ml	drixoral	8.99	056219830150	498592	1	\N	15ml	10
116	Otrivin Medicated Cold & Allergy Relief with Moisturizers, Measured Dose Mist, 20ml	otrivin	10.99	058478460642	11392	1	\N	20ml	10
513	Vitamin B12	Webber	0.00	625273030778	0	1	\N	150ct	6
117	Otrivin Medicated Cold & Allergy Relief Nasal Decongestant, 30ml Mist Spray	otrivin	11.99	058478460680	10984	1	\N	30ml	10
118	Otrivin Complete Medicated Cold & Allergy Relief Nasal Decongestant, 20ml Measured dose Mist	otrivin	13.99	058478106854	801704	1	\N	20ml	10
119	Rhinaris Nasal Mist 30mL	rhinaris	9.99	057606223029	861435	1	\N	30ml	10
520	Calcium Magensium Vitamin D3 	Webber	0.00	625273038668	0	1	\N	200ct	6
524	Cod Liver Oil with Vitamins A and D	Webbers	0.00	625273050868	0	1	\N	180ct	6
527	Vitamin D3 + Calcium 	Webbers	0.00	629323100602	0	1	\N	220ct	6
535	Liquid Vitamin D3	Ddrops	0.00	851228000040	0	1	\N	180ct	6
538	Vitamin E 400IU	Webbers	0.00	625273038002	0	1	\N	120ct	6
543	Vitamin K2 100mcg	Nutrameltz	0.00	684482024015	0	1	\N	60ct	6
544	Omega-3 Krill Oil 500mg	RoyalRed	0.00	625273033908	0	1	\N	60ct	6
546	Magnesium Gluceptate Oral Solution 100mg/ml	Odan 	0.00	776097430500	0	1	\N	500ml	6
551	Multivitamins w/Minerals	Webbers	0.00	625273031416	0	1	\N	100ct	6
552	Women's Multivitamin 	Greeniche	0.00	817510001027	0	1	\N	60ct	6
497	La Roche-Posay - Cicaplast Baume B5 Soothing Relieving Balm	Laroche-Posay	29.99	3337875848121	179477	2		100ml	3
517	Webber Naturals - Vitamin C 500mg - Chewable	Webber	14.99	625273035889	198515	1		120ct	6
490	NIVEA MEN Sensitive Skin After Shave Balm	Nivea Men	9.99	072140813062	117713	1	CHECK THIS	100mL	2
503	Proskin Barrier Cream	Tena	0.00	768702544412	0	1		100ml	3
498	Mineral Oil	Atlas	12.99	068625160394	620948	1	check this	500ml	4
502	Spectro Facial Cleanser for combination skin	Spectro	22.99	060815041599	44422	2		500ml	3
499	Sebcur-T Medicated Shampoo	Sebcur	16.99	067520000026	95539	3		120ml	4
489	Neutrogena - Ultra Sheer Dry-Touch Sunscreen SPF 60	Neutrogena	19.99	062600380562	156288	1		88g	3
488	La ROCHE-POSAY - Syndet AP+ Soap-Free Face and body wash	La ROCHE-POSAY	26.99	3337875537315	99423	2		400g	3
495	Nizoral - Shampoo Psoriasis	Nizoral	33.99	628467002797	177978	1		200ml	4
494	Anti Dandruff Shampoo	Nizoral	12.99	628467002711	143210	2		60ml	4
518	Vitamin C 500mg - Chewable	Webber	0.00	625273032765	0	2	\N	300ct	6
519	Clacium Citrate - 300mg	Webber	16.99	625273050165	502575	1		120ct	6
521	Caltrate + Vitamin D3 - 800IU	Caltrate	20.99	062107055307	86512	2		60ct	6
525	Webber Naturals - Coenzyme Q10 200mg	Webbers	36.99	625273038576	959007	1		60ct	6
523	Caltrate Plus - Chewables	Caltrate	19.99	062107055901	703728	1		50ct	6
533	Centrum Women - 50+	Centrum	26.99	062107084604	146913	2		90ct	6
531	Centrum Select Essentials Adults - 50+	Centrum	19.99	062107086523	74919	1		60ct	6
532	Centrum Men 50+	Centrum	27.99	062107084802	54542	3		90ct	6
536	Liquid Vitamin D3 - Extrea Strength	Ddrops	14.00	851228000965	168047	3		180ct	6
547	Swiss Natural - Magnesium oxide 420mg	Swiss Natural	6.99	068120505010	775676	6		90ct	6
537	Luxa D 2000iu - Vitamin D softgels	luxa D	11.99	622082291147	156972	7		100ct	6
540	Webber Naturals - Flaxseed Oil 1000mg	Webbers	22.99	625273038712	76075	1		210ct	6
542	Glucosamine Chondroitin	Webbers	49.99	625273050707	85317	1		150ct	6
541	Webber Naturals - Glucosamine Chondroitin - Triple Strength 750/600	Webber Naturals	32.99	625273050332	410514	2		90ct	6
554	Webber Naturals - St.John's Wort 300mg	Webbers	13.99	625273038415	801124	1		90ct	6
548	Magnesium Bisglycinate 200mg	Webbers	17.99	625273032550	159333	1		60ct	6
549	Magnesium Citrate 150mg	Webbers	16.99	625273050004	938799	1		120ct	6
555	Omega-3	Greeniche	28.99	817510001119	149168	2		30ct	6
553	Wampole - Multivitamin Pomegranate liquid	Wampole	27.99	063806270305	429177	5		350mL	6
511	Botanicals Insect repellent	OFF!	17.99	062300007554	171831	1		118ml	5
512	Deep Woods Insect Repellent	OFF!	14.99	062300708314	18097	1		85ml	5
308	Baby Calming Shampoo and Wash	Burt's Bees	11.99	792850023116	81949	2		235 ml	9
565	Beneprotein Instant Protein Powder	Nestle	29.99	043900291703	143818	1		227g	6
689	Head and Shoulders - Classic Clean	Head and Shoulders	8.99	037000545095	143326	1		325mL	4
568	Daily Pill Box 	Health One	0.00	627980500742	0	1	\N	1	7
599	Alcohol Swabs	BD	4.99	382903269105	807925	1	\N	100ct	8
602	Ultra-Fine Pen Needle 8mm 31G	BD	69.99	382903201082	768739	1	\N	100ct	8
573	Plastic Round Pill box 	Health One	3.99	627980500728	0	1	\N	1	7
574	COLD/HOT GEL PACK - SMALL	MKO	0.00	738435173241	0	1	\N	1	7
575	COLD/HOT GEL PACK - MEDIUM	MKO	0.00	738435173258	0	1	\N	1	7
576	COLD/HOT GEL PACK - LARGE	MKO	0.00	738435173265	0	1	\N	1	7
609	BandAid Flexible Fabric	BandAid	9.99	260601304604	300947	4	check this	80	23
579	Contour Next Gen	Ascencia	0.00	629322079237	0	1	\N	1	8
580	MICROLET® Coloured Lancets	Microlet	0.00	629322065865	0	1	\N	100ct	8
581	MICROLET® Coloured Lancets	Microlet	0.00	629322065506	0	1	\N	200ct	8
582	Sterile Single-Use Safety Lancets	SingleLet	0.00	629322058508	0	1	\N	200ct	8
562	Esenvia Legs	Esenvia	25.99	625972019548	161673	1	\N	30ct	6
569	Pill Box 7day	Card Health	3.99	872798001275	563718	1	\N	1	7
570	Pill organizer - Twice Daily 	Card Health	6.99	872798001282	191128	1	\N	1	7
578	Contour next One Meter	Ascencia	45.99	629322078261	176116	1	check this\n	1	8
603	Ultra-Fine Pen Needle 5mm 31G	BD	69.99	382903201457	727453	1	\N	100ct	8
610	Purell Pump	Purell	4.99	235780140370	1010101	0	check this\n	236g	1
586	Verio Reflect	OneTouch	49.99	353885011730	139076	1	\N	1	8
587	Verio Flex	OneTouch	49.99	353885010726	83239	1	\N	1	8
588	Delica Plus 30g Lancet	OneTouch	13.99	812608030071	140729	1	\N	100ct	8
589	Delica® Plus 33G Lancet	OneTouch	13.99	812608030064	140730	1	\N	100ct	8
597	No Calorie Sweetener Packets	Splenda	9.99	722776200070	96285	1	\N	100ct	8
598	Splenda Packets Sweetener	Splenda	17.99	722776200216	96284	1		200ct	8
604	ULTRA FINE NANO PRO 4MM X 32G Pen Needle	BD	69.99	382903205554	131348	1	\N	100ct	8
261	Tylenol Extra Strength Pain Reliever Medicine for Headache, Back Pain and to Reduce Fever, Acetaminophen Rapid Release Gelcaps, 500mg	Tynenol	34.99	260603800500	157522	2	Check this	120 ct	9
120	Rhinaris Nozoil Nasal Spray 10ml, Moisturizes and Lubricates	rhrinaris	18.99	057606015198	623793	1	\N	10ml	10
106	Vicks Vaporub Ointment	vicks	15.99	056100300670	650192	0	\N	115 ML	10
107	Vicks VapoRub Lemon Scent Nasal Decongestant Ointment	vicks	15.99	056100300687	650291	0	\N	100g	10
108	Vicks VapoRub for Children 	vicks	9.99	056100080312	127418	1	\N	50g	10
124	Nasal Drops, Saline Solution Infants/Children 30mL	Salinex	7.99	057513076602	185405	1	\N	30ml	10
125	Lubricating Nasal Gel 30G, Secaris, For the temporary relief of dryness and irritation within the nose, and for the relief of stuffiness and sneezing.	Secaris	9.99	057606101303	184868	1	\N	30g	10
131	Deep Relief Ice Gel, Muscle and Joint Pain Relief, Reduces Inflammation - Ice Pain Relief Gel	Deepfreeze	11.99	057521004512	633750	1	\N	255g	12
132	Deep Relief Ice Gel, Muscle and Joint Pain Relief, Reduces Inflammation - Ice Pain Relief Gel	Deepfreeze	19.99	057521004543	1347	1	\N	500g	12
133	Deep Relief Maximum Strength Heat Rub 	Deep Relief	11.99	057521000293	727909	1	\N	100g	12
134	Deep Relief Regular Strength Warming Heat Pain Relief Patch, Soothe Aching Muscles 	Deep Relief	12.99	057521009609	480368	1	\N	6 patches	12
556	Omega-3 300mg - Easy swallow	Webbers	24.99	625273033915	36568	1		180ct	6
611	Microlet Lancets	Microlet	11.99	236922568056	0002	24	Nov 1	100	8
142	VOLTAREN Emulgel Back & Muscle Pain	Voltaren	18.99	601580257024	142682	2		100g	12
615	MYOFLEX EXTRA STRENGTH CREAM 20%	myoflex	15.99	245822000690	137561	4		100g	1
484	Fusion Gydra Ultra-sensitive Gel	Gilllette	4.99	047400130920	182182	5		70g	2
563	Ensure Can	Ensure	2.00	055325207184	0	1	\N	1	6
559	Replavite B and C	Lankmark Medical	13.99	625273073256	642603	7		100ct	6
561	Venixxa	Venixxa	32.99	771547004119	119182	5		30ct	6
560	Ubiquinmol 100mg	Webbers	29.99	625273032956	28526	4		30ct	6
558	One-a-day - Men 50+	Bayer	15.99	056500372819	176489	1		90ct	6
564	Ensure Bottle	Ensure	3.00	055325004134	0	1	\N	1	6
567	Pill Box 7day	Pharma Science	0.00	063636270346	0	1	\N	1	7
606	Cerave - Moisturizing Cream	Cerave	34.99	3606001356703	19999	2		539g	3
620	Cetirizine Extra Strength	Jamp-Pharma	22.99	262802123480	173080	4		30Tb	21
619	Dilusol	Dermtek Pharma Inc	16.99	256700005900	139907	2		45mL	1
621	Metamucil - MultiHealth	Metamucil	29.99	156007801468	599886	2		504g	13
622	Nyquil - Cold & Flu - Regular	Nyquil	16.99	156000347800	168665	1		354mL	1
623	Nyquil - Cold & Flu - Cherry	NyQuil	16.99	156000457804	168673	2		354mL	1
624	Alcon Tears	Alcon	15.88	305604020190	179519	2		15mL	16
625	TheraPearl	Bausch + Lomb	12.99	130112902470	61966	2		1 Mask	1
626	Blink - Contacts	Blink	12.99	247825790228	625970	3		10mL	1
645	TheraBreath - Icy Mint	TheraBreath	13.99	697029324172	73266	3		473mL	1
646	AfterBite - KIDS	AfterBite	7.99	044224610805	175505	2		20g	5
647	Webber - Ointment	Webber	11.99	065798431078	66670	1		50g	3
648	Webber	Webber	11.99	065798431092	928256	1	JAR	50g	3
627	Blink - Moisturizing	Blink	19.99	247835679135	547695	1		30mL	16
618	Blink - Triple Care	Blink	18.99	247857002900	179672	6		10mL	16
690	Systane Complete - Preservative free	Systane	26.99	300651509397	168837	3		10mL	16
500	Sebcur-T Medicated Shampoo	Sebcur	25.99	067520000170	549600	1		240ml	4
649	Sebcur Medicated Shampoo	Sebcur	13.99	067520000019	95521	2		120mL	4
650	NIVEA MEN - Protect & Care - Face Moisturizer	Nivea Men	12.99	056594888081	695700	1		75mL	3
651	NIVEA MEN - Protect & Care - Shaving GEL	NIVEA MEN	6.99	072140817602	115704	1		200mL	2
652	NIVEA MEN - DEEP - Shaving Cream	Nivea Men	5.99	056594013209	133825	1	CHECJK THIS	200mL	2
617	Blink - Intensive	Blink	15.99	247857000580	87521	8		10mL	16
631	Refresh	Allergan	19.99	069886005066	275719	1		30 X 0.4mL	16
630	Liposic	Bausch + Lomb	13.99	010119017417	133600	7		10g	16
628	Genteal	Alcon	10.99	056394500572	138494	1		10mL	16
632	Refresh - Digital	Refresh	16.99	069886969528	178326	4		10mL	16
633	Refresh - LacriLube	Refresh	13.99	069886223958	163502	2		3.5g	16
634	Sooth - Restore	Bausch + Lomb	15.99	010119493112	123370	2		15mL	16
635	Systane Hydrating	Systane	23.99	056394700262	159455	2		30 X 0.7mL	16
653	Curel - Itch Defense Shampoo	Curel	16.99	062400154752	217034	1		480mL	4
636	Systane Complete	Alcon	43.99	300651509403	165726	1		2 X 10mL	16
637	Re-Nu - Lens Care Travel Kit	Bausch + Lomb	6.99	010119039822	162163	2		60mL	16
644	Colgate TWISTER - Soft	Colgate	4.99	058000003323	624478	2		1 toothbrush	1
639	Essential Floss	Oral-B	2.99	300410825768	865790	5		50m	1
640	Fixoent Plus	Fixodent	10.99	056100017714	875245	1		57g	1
641	Sensodyne - Whitening	Haleon	2.99	060815030425	17612	3		18mL	1
616	Sensodyne - Whitening	Haleon	8.99	060815030180	17605	3		100mL	1
643	Biotene - Dry Mouth Oralbalance	Biotene	16.99	060815062037	13160	5		34mL	1
477	Polident Overnight Daily Denture Cleaner	Polident	8.99	069682040193	511200	1		40 ct	1
654	GILLETTE - FUSION 5 ULTRA SENSITIVE	Gillette	7.99	047400159051	891168	3		198g	2
655	Gillette - Shave Gel	Gillette	6.99	047400130715	197962	1		198g	2
656	Brylcreem - 3-in-1 Hair Cream. Styles, Strengthens, Conditions	Brylcreem	7.99	011509102003	331082	1		132mL	2
657	Bio Oil - Skincare Oil - Natural	Bio-Oil	39.99	6001159124092	155096	1		200mL	1
658	Australian Gold - Soothing ALOE GEL	Australian Goal	9.99	054402700518	169268	2		237mL	3
659	Nature's Bounty Alpha Lipoic Acid	Nature's Bounty	18.99	029537060080	400135	1		90caps	6
660	Webber Natural's - B100 Complex - All Day Energy Support	Webber Naturals	22.99	625273036893	147724	2		140 tabs	6
661	Webber Naturals - B6 + B12 + Folic Acid	Webber Naturals	10.99	625273038132	100663	1		120 Caps	6
662	Webber Naturals - Calcium 500mg	WEBBER NATURALS	13.99	625273050721	479527	3		250tabs	6
663	Webber Naturals - Coenzyme Q10 100mg	Webber Naturals	21.99	625273038552	958967	2		60tabs	6
665	Centrum - ADULT MULTIGUMMIES	Centrum	15.99	062107090827	93180	2		70gummies	6
666	Centrum - ADULT MULTIGUMMIES	Centrum	28.99	062107090834	93177	1		150Gummies	6
667	Centrum - ADULT MULTIGUMMIES 50+	Centrum	28.99	062107090872	120330	1		130gummies	6
668	Centrum - MINIS WOMEN 50+	Centrum	24.99	062107482646	167091	2		160tabs	6
664	Swiss Natural - ChoLESSterol with Vegapure	Swiss Naturals	31.99	068120918018	305318	2		50gels	6
669	WEBBER D3 1000iu	Webber Naturals	18.99	625273035919	167306	3		500tabs	6
670	Nature's Bounty - Ester-C 1000mg	Nature's Bountry	19.99	029537000505	159700	1		90tabs	6
671	Webber Natural's - Magnesium BIsglycinate 200mg	Webber Naturals	22.99	625273036947	167311	2		120caps	6
672	Jamp-Magnesium Oxide 420mg	Jamp	20.99	622082283227	161072	1		90tabs	6
673	Nature's Bounty - Magnesium Oxide 500mg	Nature's Bounty	14.99	029537055352	401463	1		100tabs	6
674	Dr Teals Pink Himalayan Epsom Salt	Dr.Teals	11.99	811068014997	108259	4		1.36kg / 3 lbs	3
675	Dr Teals Pure Epsom Salt - Fragrance Free	Dr.Teals	11.99	811068016243	183042	4		1.36kg / 3 lbs	3
18	Pure epsom Salt - Coconut Oil	Dr.Teals	11.99	811068015024	124695	4		1.36kg / 3 lbs	3
676	Ensure Can	Ensure	2.00	055325207078	0007	1	CHANGE TO SNACKS	1 CAN	20
677	Ensure Bottle	Ensure	3.00	055325004134	0008	1	CHANGE TO SNACKS	1 BOTTLE	2
678	ENSURE PLUS CALORIES BOTTLE	ENSURE	3.00	055325007500	0009	1	CHANGE TO SNACKS THROUGH ADMIN	1 BOTTLE	3
679	Benadryl - TRIPLE ACTION	BENADRYL	17.99	062600305664	146961	2		28g	5
680	Uremol - Intense Relief Moisturizing Cream	Uremol	7.99	776097550208	163027	1		100g	3
681	Nestle Beneprotein - INSTANT PROTEIN POWDER	NESTLE	29.99	043900291703	143818	3		227g	20
682	Nestle ThickenUP - original - INSTANT FOOD THICKENER powder protein	Nestle	10.99	773201062268	167409	5		227g	20
683	Nestle Boost - Protein	Boost	29.99	041679990254	102519	5		227g	20
143	Voltaren Emulgel 12H Extra Strength	Voltaren	23.99	058478110943	148100	4		100g	12
684	Almagel Plus	Almagel	5.99	068625179433	552463	2		350mL	22
685	Beano	Beano	18.99	042037103064	38261	1		60tabs	22
686	Beano	Beano	10.99	042037103057	38263	1		30tabs	22
216	Colace Docusate Sodium Stool Softener Solution – Syrup 4 Mg/ml 250 ml	Colace	12.99	664985010142	109297	1	Stool Softener	250 ml	22
687	Ene med	Ene-Med	4.99	055934871097	181558	13	relief of constipation	130mL	22
325	Pedialyte Electrolyte Powder Sticks, Oral Rehydration Solution - APPLE	Pedialyte	14.99	055325001515	114147	1		8 x 8.5 g,	20
638	GUM - Butlerweave	GUM	4.99	070942004985	167881	7		165m	1
20	Vitamin B2 (Riboflavin) 100mg Caplets	Jamieson	16.99	064642022097	631028	1	\N	100 ct	6
21	Vitamin B6 (Pyridoxine) 100 mg Tablets	Jamieson	16.99	064642020222	299222	1	\N	100 ct	6
22	Vitamin B12 5,000 mcg Tablets	Jamieson	20.99	064642091277	251371	1	\N	45 ct	6
23	Vitamin B12 1,000 mcg Fast Dissolving Sublingual Tablets Value Size	Jamieson	27.99	064642079572	97971	1	\N	150 ct	6
24	Vitamin B12 1,200 Mcg Timed Release	Jamieson	17.99	064642028235	159061	1	\N	80 ct	6
25	Vitamin B6 + B12 and Folic Acid Caplets	Jamieson	16.99	064642053268	970202	1	\N	90 ct	6
27	MegaCal Calcium 650mg	Jamieson	22.99	064642048707	230771	1	\N	120 ct	6
28	Mega Cal Calcium 650 mg + Vitamin D3 400 IU Value Size	Jamieson	19.99	064642079619	230730	1	\N	250 ct	6
29	Calcium Citrate Plus Vitamin D3 Caplets	Jamieson	19.99	064642028471	122387	1	\N	120 ct	6
31	Vitamin C 1,000 mg	Jamieson	21.99	064642020789	892877	1	\N	100 ct	6
32	Cod Liver Oil Softgels + Vitamin A + D3	Jamieson	14.99	064642022363	9811	1	\N	100 ct	6
33	Cranberry 250 mg Capsules	Jamieson	16.99	064642067739	18800	1	\N	100 ct	6
34	Cranberry Complex 500 mg Maximum Concentrate	Jamieson	27.99	064642021632	765636	1	\N	60 ct	6
35	Maximum Concentrate Cranberry Complex 500 mg	Jamieson	39.99	064642091833	140081	1	\N	100 ct	6
37	Vitamin E 200 IU 100 Softgels	Jamieson	23.99	064642020321	11070	1	\N	100 ct	6
38	Vitamin E 400 IUper268 mg AT Softgels	Jamieson	31.99	064642020376	737098	1	\N	120 ct	6
39	Glucosamine Chondroitin 900 mg Caplets	Jamieson	37.99	064642024213	511758	1	\N	125 ct	6
40	Liquid Glucosamine 1,500 mg Maximum Strength - Wild Cherry Flavour	Jamieson	23.99	064642027252	644278	1	\N	350 ml	6
42	Probiotic 30 Billion\r	Jamieson	32.99	064642057648	112183	1	\N	30 ct	6
36	Vitamin D3 1,000 IU Tablets	Jamieson	14.99	064642052544	632158	5		240 ct	6
41	Niacin 500mg Caplets	Jamieson	13.99	064642022073	27201	1		100 ct	6
44	ACET 160mg – Acetaminophen Suppositories USP	Acet	15.99	057606043528	637645	3	Suppositories	12 ct	9
64	Advil Caplets	Advil	7.99	062107004121	700799	1		24 ct	10
69	Advil Cold & Sinus Caplets	Advil	7.99	062107004299	767293	1		10 ct	10
72	Advil Cold & Sinus Liqui-Gels with Fever Relief and Nasal Decongestant	Advil	26.99	062107005302	85654	1		40 ct	10
70	Advil Cold and Sinus Nighttime Caplets	Advil	15.99	062107005463	24261	1		20 ct	10
65	Advil Extra Strength Caplets	Advil	26.99	062107004640	108233	1		72 ct	10
68	Advil Extra-Strength Liqui Gels	Advil	9.99	062107005012	208165	1		12 ct	10
51	Advil Pediatric Drops Dye Free Grape	Advil	13.99	062107004336	786822	1		24 ml	9
63	Advil Tablets Ibuprofen 200 mg Pain reliever/Fever reducer	Advil	21.99	062107004091	702514	1		100 ct	10
55	Benadryl Children’s Liquid Bubble Gum Flavour	Benadryl	11.99	060093265809	194076	1		100 ml	9
57	Benadryl Kids Chewable Tabs Grape	Benadryl	16.99	062600964120	93314	1		12 ct	9
26	Biotin 10,000 mcg Softgels Value Size	Jamieson	29.99	064642091758	147128	1		90 ct	6
30	Chewable Vitamin C 500 mg Tangy Orange Flavour	Jamieson	14.99	064642020314	198515	1		120 ct	6
47	Strength Advil Chewable Tablets Blue Raspberry 	Advil	22.99	062107006217	634360	1	\N	40 ct	9
83	Desloratadine Allergy Control 	Teva	0.00	057606020444	0	1	\N	30 ct	21
66	Advil Liqui-Gels	Advil	15.99	062107004916	927970	2		32 ct	10
136	HO Muscle and back pain relief Ibyuprofen + methocarbamol 	Health One	0.00	066000021049	0	1	\N	18	12
150	anti nausea 	Health One	0.00	066000020905	0	1	\N	30 ct	13
71	Advil Cold & Sinus Liqui-Gels with Fever Relief and Nasal Decongestant	Advil	13.99	062107004374	787333	0		20 ct	10
147	Anusol Multi-Symptom Hemorrhoid Pain Relief Ointment	Anusol	12.99	058738999325	117833	1		30g	13
126	Aspercreme Extra Strength Arthritis Relieving Cream	Aspercreme	11.99	057990063669	166254	1		106g	12
77	Aspirin 325mg Coated Regular Strength	Bayer	10.99	056500124104	641712	1		100 ct	11
73	Aspirin 81mg Daily Low Dose Quick Chews, Orange Flavour	Bayer	8.99	056500359476	160389	1		30 ct	11
113	BETADINE® Sore Throat Gargle, Sore Throat Gargle	betadine	16.99	060025427121	127663	1		240ml	10
112	Betadine Cold Defence Nasal Spray, Betadine Cold Defence Nasal Spray	betadine	14.99	060025429095	141270	1		20ml	10
74	Aspirin Quick Chews	Bayer	24.99	056500359483	160388	1		100 ct	11
84	Benadryl Elixir 100ML	Benadryl	11.99	060093265182	721423	1		100 ct	21
91	NyQuil COMPLETE Cold, Flu, and Congestion Medicine, Honey Flavour	Nyquill	22.99	056100083825	163478	1	\N	354 ML	10
149	Anti nausea	Health One	0.00	066000020899	0	1		10 ct	25
173	Sandoz Hydrocortisone	Sandoz	0.00	057513218637	0	1	\N	30g	15
219	Bisacodyl Active Ingredient - Effective Relief of Occasional Constipation - Relief Within 15-60 Minutes - Suitable for Children 12 Years & Older, Adults and Breastfeeding Women, 10mg Suppositories	Dulcolax	6.99	057990062952	146246	1		3 ct	22
213	Citro Mag Laxatif	Rougier Pharma	9.99	058739979203	878553	5	Citro-Mag is a laxative/purgative used to treat constipation	300ml	22
212	Citro Mag Laxatif/Purgatif, Citro-Mag is a laxative/purgative used to treat constipation	Rougier Pharma	9.99	058739701750	274084	7	LEMON LIME	300ml	22
242	HO Ultra strength Gas relief	Health One	0.00	066000021001	0	1	\N	12 ct	22
237	Phillips Phillips Milk Of Magnesia Mint, Constipation Relief, Cramp Free, Stimulant-free, Saline Laxative	Phillips	10.99	056500602114	66101	1		350 ml	22
235	Pepto Bismol Caplets for Nausea, Heartburn, Indigestion, Upset Stomach, and Diarrhea,	Pepto Bismol	9.99	056100082118	161921	4		24 ct	22
194	Band Aid Brand Flexible Secure Sterile Gauze Roll and Dressing for Minor Wound Care, Soft Padding and Instant Absorption, Large, 10 Centimeters by 4.5 Metres, 1 Count, 1 Sterile Roll, Large	Band Aid	7.99	062600125361	843938	1		1 Patches	17
186	BAND-AID® Brand WATER BLOCK® TOUGH-STRIPS® Extra Large, Adhesive Bandages for Wound Care, Heavy duty Protection for Minor Cuts and Scrapes	Band Aid	7.99	062600062222	888537	0		10 Patches	17
183	Band-Aid Brand Adhesive Bandages for Cuts and Scrapes, Skin-Flex, Assorted Sizes Value Pack, Small, Regular, Large,	Band Aid	17.99	062600253781	118245	1		60 Patches	17
171	Bacitin	Bacitin	8.99	057606490841	506386	1		30g	15
181	Band-Aid Brand Adhesive Bandages with Polysporin Antibiotic Ointment, Pack of Assorted Sizes, for Wound Care and First Aid	Polysporin	10.99	062600123411	945568	1		20 Patches	17
184	BANDAID WATERBLOCK FLEX XL	Band Aid	10.99	062600476630	169072	1		7 Patches	17
185	Band-Aid Brand Water Block Flex Adhesive Bandage - Self Adhesive Wound Care Skin Dressing - Extra Large	Band Aid	10.99	062600476647	169081	1		7 Patches	17
207	Betadine	Betadine	13.99	060025086175	625749	1		500 ml	17
217	Dulcolax Bisacodyl 5mg	Dulcolax	3.99	057990062969	129260	1	Stimulates the Bowels – Occasional Constipation Relief for Adults in 6-12 Hours - Suitable for Children Over 6 Years & Older, Adults and Breastfeeding Women	10 ct	22
243	Tylenol Infant Drops Cherry	Tynenol	0.00	062600142061	0	1	check this	100g	9
244	Tylenol Child Grape Susp	Tynenol	12.99	062600143723	649541	1	\N	100g	9
245	Tylenol Children's Medicine for Fever & Pain, Dye-Free Berry Liquid	Tynenol	12.99	064541320003	833491	1	\N	100ml	9
246	Tylenol Children's Medicine for Fever & Pain, Dye-Free Bubble-Gum Liquid	Tynenol	10.99	064541300616	185843	1	\N	100ml	9
247	Tylenol Child's Decongestant	Tynenol	10.99	064541301446	35972	1	\N	100ml	9
169	Jamieson Melatonin 10 mg Max Strength - Peppermint Flavour Fast Dissolving Tablets 	Jamieson	17.99	064642077103	79998	1	\N	60 ct	14
177	Polysporin Complete Antibiotic Ointment, Heal-Fast Formula,	Polysporin	14.99	062600252173	152202	1	\N	15g	15
231	Teva loperamide	Teva	4.99	068510234124	984419	1	\N	30 ct	22
248	Tylenol Child Cold DM Bubble Gum Liq 	Tynenol	10.99	064541300623	185652	1	\N	100ml	9
249	Children’s Tylenol Easy Dissolve Natural Wild Berry Acetaminophen Powder - Kids Pain Relief, 160 mg Acetaminophen	Tynenol	12.99	062600379962	171220	1	\N	16 g	9
251	Tylenol Extra Strength Ez Tabs 	Tynenol	3.99	062600141118	364125	1	\N	10 ct	9
252	Tylenol Arthritis Pain Relief Acetaminophen 650 mg Caplets, Bonus Pack	Tynenol	35.99	062600964953	94788	1	\N	215 ct	9
253	Tylenol Complete Cold, Cough & Flu Convenience Pack	Tynenol	17.99	062600959386	5730	1	\N	24 ct	9
254	Tylenol Extra Strength Complete Cold, Cough & Flu Relief Day Caplets	Tynenol	18.99	062600946775	91488	1	\N	24 ct	9
255	Tylenol Extra Stength Sinus eZ Tabs, Relieves Sinus congestion & other Sinus syptoms, Nighttime	Tynenol	12.99	064541317294	81380	1	\N	20 ct	9
256	Tylenol Extra Strength Pain Relief Acetaminophen 500mg Caplets	Tynenol	6.99	062600142504	184990	1	\N	24 ct	9
258	Tylenol Extra Strength Pain Relief Acetaminophen 500mg Caplets	Tynenol	0.00	062600142528	0	1	\N	100 ct	9
275	Cold and Flu in 1	Health One	11.99	066000020943	0	1	\N	30 ct	10
288	Cold + Sinus 10 	Health One	6.99	066000020950	0	1	\N	24 ct	10
347	Ultra Thin Daytime Pads without Wings, Size 2, Long, Unscented	Always	0.00	030772033357	0	1	\N	24 ct	7
361	Dropper PS220	PharmaScience	0.00	063636220341	0	1	\N	1	7
371	Stylish Step® Ball of Foot Cushions	Dr.Scholl's	0.00	056219862649	0	1	\N	1	18
380	Spenco Gel Ball Of Foot	Spenco	0.00	038472790037	0	1	\N	1	18
407	Eye Drops 	Cromolyn 	17.99	057606091833	164094	1	\N	10 ml	16
408	Hypromellose Opthalmic solution eye drops 	Genteal 	10.99	056394500572	138494	1	\N	10ml	16
409	Hydrasense eye drops for dry eyes	Hydrasense	17.99	056500367822	109699	1	\N	10 ml	16
411	Opthalmic gel drops 	Bausch + lomb	13.99	010119017417	144600	1	\N	10 ml	16
412	Lubricant Eye drops 	Refresh	19.99	069886005066	275719	1	\N	30 ml X 2	16
413	Refresh - Lubricant eye drops	Refresh	16.99	069886969528	178326	1	\N	10 ml	16
415	Refresh - Optive advanced	Refresh	16.99	069886943078	38458	1	\N	10 ml	16
439	Similasan Ear Wax Removal Kit	Similasan	15.99	094841755151	128374	1	\N	1 kit	16
441	Vinyl Eye Patch - Black 	PharmaScience	3.49	063636009458	542357	1	\N	1 Patch	16
450	EEZ-THRU	GUM 	0.00	070942098403	0	1	\N	25 ct	1
399	Advanced Hand Sanitizer Refreshing Gel	Purrell	2.99	073852401097	290296	1		59 g	17
456	AquaFresh Cavity Protection + daily Care	AquaFresh	2.99	060815035529	19645	1		90ml	1
313	Hydrasense Ultra-gentle Mist Nasal Spray, Baby Nasal Care, 100% Natural Sourced Seawater, Preservative-free	Hydrasense	24.99	056219254932	62415	1	\N	210 Ml	9
259	Tylenol Extra Strength Pain Relief Acetaminophen 500mg Caplets	Tynenol	34.99	062600347053	141308	1	\N	200 ct	9
260	Tylenol Extra Strength Pain Relief Acetaminophen 500mg Rapid Release Gels	Tynenol	25.99	062600231888	109475	1	\N	80 ct	9
262	Tylenol Regular Strength Pain Relief Acetaminophen 325mg EZTabs	Tynenol	19.99	062600961013	23953	1	\N	120 ct	9
263	Tylenol Regular Strength Pain Relief Acetaminophen 325mg Caplets	Tynenol	6.99	062600142610	176974	1	\N	24 ct	9
265	Tylenol Regular Strength Pain Relief Acetaminophen 325mg Caplets	Tynenol	28.99	062600142641	667865	1	\N	200 ct	9
266	Pediatrix Drops for Infants Cherry Flavour 	Pediatrix	11.99	064589001964	38257	1	\N	24 ct	9
267	Pediatrix 160MG/5ML 	Pediatrix	8.99	064589001971	38299	1	\N	100 ml	9
268	Reactine Junior Fast Melt 24 Tablets	Reactine	27.99	062600962522	51735	1	\N	24 ct	9
269	Reactine Liquid Allergy Medicine - For Itchy Eyes, Hives, Runny Nose - 24 Hour Allergy Relief - White Grape Flavour	Reactine	14.99	062600316240	146146	1	\N	118ml	21
270	Robitussin Children’s Cough & Cold Syrup 	Robitussin	10.99	062107457101	151799	1	\N	100ml	9
462	Sensodyne whitening and tar sensitivity	Sensodyne	0.00	060815030425	0	1		18 ml	1
526	Nature's Bountry - Coenzyme Q10 100mg	Nature's Bountry	33.99	029537511353	866798	1		60ct	6
522	Caltrate Plus	Caltrate	21.99	062107257008	852202	-1		60ct	6
510	Daily Protective Skin Moisturizer	Dormer	22.99	057368100293	539528	1		60ml	3
273	ASA 81mg	Health One	11.99	057606117823	0	0		150 ct	25
357	Vaginal Moisturizer Gel	Replens	22.99	022600001188	90479	0		2.5ml x 8 applicators	19
67	Advil Extra Strength Caplets	Advil	9.99	062107004626	107342	0		16 ct	10
193	Band-aid First Aid Rolled Gauze	Band Aid	5.99	062600125347	843912	1		1 Patches	17
691	Restorativ Pure Vitamin E oil	Holista	13.99	620554002451	599209	4		28mL	1
137	Icy Hot Extra Strength Pain Relieving Cream for Back, Knee, and Joint Pain Relief - Suitable for Discomfort Caused by Sciatica, Arthritis, and Neck Pain - Fast and Effective on Sprains and Strains	Icy Hot	9.99	069260046456	787663	1	\N	85g	12
138	Icy Hot No Mess Applicator - Fast, Effective Pain Relief - Quick Drying - for Muscles & Joints - Relieves Minor Pain Associated with Arthritis, Backache, Strains & Sprains, Icy Hot No Mess Applicator 	Icy Hot	11.99	057990063652	161717	1	\N	73ml	12
144	Voltaren Emulgel Joint Pain Extra Strength	Voltaren	26.99	060815057248	124130\n	1	\N	100g	12
145	Voltaren Emulgel Regular Strength Joint Pain, Topical Pain Relief Cream	Voltaren	23.99	058478107653	6479	1	\N	120g	12
146	ZOSTRIX CR 0.025%CREAM 	Zostrix	26.99	060752000338	51173	1	\N	30g	12
151	Gravol Quick Dissolve Chewable Tablets 	Gravol	6.99	058738326114	293316	1	\N	8 ct	13
153	Gravol ~ Dimenhydrinate 50mg 	Gravol	5.99	058738325513	20255	1	\N	10 ct	13
154	GRAVOL Kids Comfort-Shaped Suppositories 25mg	Gravol	10.99	058738325919	163427	1	\N	10 ct	13
155	Kids Gravol Liquid Nausea Relief Fruit Flavor	Gravol	11.99	058738325438	20248	1	\N	75 ml	13
156	Gravol Ginger - Nausea and upset stomach relief with Organic ginger extract - Non-drowsy, Taste-free and Easy to swallow - 	Gravol	9.99	058738326633	605477	1	\N	20 ct	13
157	Gravol Ginger Multi-Symptom Cold and Fever Tablets with Willowbark	Gravol	13.99	058738326732	6143	1	\N	20 ct	13
158	Gaviscon Nausea Natural Ginger Capsules 	Gaviscon	7.99	042037000936	145802	1	\N	18 ct	13
463	Sensodyne Sensitivity and gum 	Sensodyne 	11.99	060815307763	167679	1	\N	75 ml	1
464	Gentle Whitening Enamel Care	Pronamel 	9.99	060815030340	824102	1	\N	75 ml	1
465	Rapid Relief Daily sensitivity Toothpaste	Sensodyne 	10.99	060815052854	132227	1	\N	75 ml	1
470	OralBalance Moisturizing Gel 	OralBalance	16.99	060815062037	13160	1	\N	42 ml	1
476	Mouthwash	Orajel	18.99	059972102557	178276	1	\N	473 ml	1
\.


--
-- Data for Name: app_recentlypurchasedproduct; Type: TABLE DATA; Schema: public; Owner: postgres
--

COPY public.app_recentlypurchasedproduct (id, quantity, order_date, product_id) FROM stdin;
28	1	2024-11-04 15:51:47.699653-05	17
\.


--
-- Data for Name: auth_group; Type: TABLE DATA; Schema: public; Owner: postgres
--

COPY public.auth_group (id, name) FROM stdin;
\.


--
-- Data for Name: auth_group_permissions; Type: TABLE DATA; Schema: public; Owner: postgres
--

COPY public.auth_group_permissions (id, group_id, permission_id) FROM stdin;
\.


--
-- Data for Name: auth_permission; Type: TABLE DATA; Schema: public; Owner: postgres
--

COPY public.auth_permission (id, name, content_type_id, codename) FROM stdin;
1	Can add category	1	add_category
2	Can change category	1	change_category
3	Can delete category	1	delete_category
4	Can view category	1	view_category
5	Can add customer	2	add_customer
6	Can change customer	2	change_customer
7	Can delete customer	2	delete_customer
8	Can view customer	2	view_customer
9	Can add order	3	add_order
10	Can change order	3	change_order
11	Can delete order	3	delete_order
12	Can view order	3	view_order
13	Can add product	4	add_product
14	Can change product	4	change_product
15	Can delete product	4	delete_product
16	Can view product	4	view_product
17	Can add order detail	5	add_orderdetail
18	Can change order detail	5	change_orderdetail
19	Can delete order detail	5	delete_orderdetail
20	Can view order detail	5	view_orderdetail
21	Can add log entry	6	add_logentry
22	Can change log entry	6	change_logentry
23	Can delete log entry	6	delete_logentry
24	Can view log entry	6	view_logentry
25	Can add permission	7	add_permission
26	Can change permission	7	change_permission
27	Can delete permission	7	delete_permission
28	Can view permission	7	view_permission
29	Can add group	8	add_group
30	Can change group	8	change_group
31	Can delete group	8	delete_group
32	Can view group	8	view_group
33	Can add user	9	add_user
34	Can change user	9	change_user
35	Can delete user	9	delete_user
36	Can view user	9	view_user
37	Can add content type	10	add_contenttype
38	Can change content type	10	change_contenttype
39	Can delete content type	10	delete_contenttype
40	Can view content type	10	view_contenttype
41	Can add session	11	add_session
42	Can change session	11	change_session
43	Can delete session	11	delete_session
44	Can view session	11	view_session
45	Can add item	12	add_item
46	Can change item	12	change_item
47	Can delete item	12	delete_item
48	Can view item	12	view_item
49	Can add recently purchased product	13	add_recentlypurchasedproduct
50	Can change recently purchased product	13	change_recentlypurchasedproduct
51	Can delete recently purchased product	13	delete_recentlypurchasedproduct
52	Can view recently purchased product	13	view_recentlypurchasedproduct
\.


--
-- Data for Name: auth_user; Type: TABLE DATA; Schema: public; Owner: postgres
--

COPY public.auth_user (id, password, last_login, is_superuser, username, first_name, last_name, email, is_staff, is_active, date_joined) FROM stdin;
2	pbkdf2_sha256$600000$LKDDRxX7mPaBHN7WntBi2E$iK0tqjgtS6493e1NBYNOr7FVYsK5koqMrBFnWeLJ/bk=	2024-11-05 20:36:33.676595-05	t	achik			anguschikp@hotmail.com	t	t	2024-11-05 20:36:01.095206-05
\.


--
-- Data for Name: auth_user_groups; Type: TABLE DATA; Schema: public; Owner: postgres
--

COPY public.auth_user_groups (id, user_id, group_id) FROM stdin;
\.


--
-- Data for Name: auth_user_user_permissions; Type: TABLE DATA; Schema: public; Owner: postgres
--

COPY public.auth_user_user_permissions (id, user_id, permission_id) FROM stdin;
\.


--
-- Data for Name: django_admin_log; Type: TABLE DATA; Schema: public; Owner: postgres
--

COPY public.django_admin_log (id, action_time, object_id, object_repr, action_flag, change_message, content_type_id, user_id) FROM stdin;
1	2024-11-05 20:37:00.848333-05	1	anguschik	3		9	2
2	2024-11-05 20:45:12.108406-05	1	checkthis	1	[{"added": {}}]	2	2
3	2024-11-05 20:46:34.182591-05	1	checkthis	3		2	2
4	2024-11-05 20:47:01.64515-05	23	checkthis	1	[{"added": {}}]	1	2
5	2024-11-05 20:47:03.480115-05	24	checkthis	1	[{"added": {}}]	1	2
6	2024-11-05 20:48:31.413104-05	24	checkthis	3		1	2
7	2024-11-05 20:48:38.54919-05	25	health one	1	[{"added": {}}]	1	2
\.


--
-- Data for Name: django_content_type; Type: TABLE DATA; Schema: public; Owner: postgres
--

COPY public.django_content_type (id, app_label, model) FROM stdin;
1	app	category
2	app	customer
3	app	order
4	app	product
5	app	orderdetail
6	admin	logentry
7	auth	permission
8	auth	group
9	auth	user
10	contenttypes	contenttype
11	sessions	session
12	app	item
13	app	recentlypurchasedproduct
\.


--
-- Data for Name: django_migrations; Type: TABLE DATA; Schema: public; Owner: postgres
--

COPY public.django_migrations (id, app, name, applied) FROM stdin;
1	contenttypes	0001_initial	2024-08-29 14:21:33.737472-04
2	auth	0001_initial	2024-08-29 14:21:33.831667-04
3	admin	0001_initial	2024-08-29 14:21:33.861258-04
4	admin	0002_logentry_remove_auto_add	2024-08-29 14:21:33.876242-04
5	admin	0003_logentry_add_action_flag_choices	2024-08-29 14:21:33.891269-04
6	app	0001_initial	2024-08-29 14:21:33.973139-04
7	app	0002_customer_name	2024-08-29 14:21:33.987879-04
8	app	0003_remove_supplier_contact_info	2024-08-29 14:21:33.993201-04
9	app	0004_product_discount	2024-08-29 14:21:34.003187-04
10	app	0005_alter_order_total_price	2024-08-29 14:21:34.041529-04
11	app	0006_remove_order_customer_id	2024-08-29 14:21:34.070414-04
12	app	0007_alter_orderdetail_order_id_alter_orderdetail_price	2024-08-29 14:21:34.095476-04
13	app	0008_rename_order_id_orderdetail_order	2024-08-29 14:21:34.110436-04
14	app	0009_remove_orderdetail_barcode	2024-08-29 14:21:34.119725-04
15	app	0010_alter_product_item_number_and_more	2024-08-29 14:21:34.137369-04
16	app	0011_delete_backorder	2024-08-29 14:21:34.14108-04
17	app	0012_alter_product_barcode	2024-08-29 14:21:34.154127-04
18	app	0013_alter_product_description	2024-08-29 14:21:34.162367-04
19	app	0014_alter_product_description	2024-08-29 14:21:34.169902-04
20	app	0015_delete_supplier	2024-08-29 14:21:34.173714-04
21	contenttypes	0002_remove_content_type_name	2024-08-29 14:21:34.206887-04
22	auth	0002_alter_permission_name_max_length	2024-08-29 14:21:34.22469-04
23	auth	0003_alter_user_email_max_length	2024-08-29 14:21:34.238606-04
24	auth	0004_alter_user_username_opts	2024-08-29 14:21:34.25315-04
25	auth	0005_alter_user_last_login_null	2024-08-29 14:21:34.269894-04
26	auth	0006_require_contenttypes_0002	2024-08-29 14:21:34.273416-04
27	auth	0007_alter_validators_add_error_messages	2024-08-29 14:21:34.304456-04
28	auth	0008_alter_user_username_max_length	2024-08-29 14:21:34.322023-04
29	auth	0009_alter_user_last_name_max_length	2024-08-29 14:21:34.334315-04
30	auth	0010_alter_group_name_max_length	2024-08-29 14:21:34.350362-04
31	auth	0011_update_proxy_permissions	2024-08-29 14:21:34.366864-04
32	auth	0012_alter_user_first_name_max_length	2024-08-29 14:21:34.384731-04
33	sessions	0001_initial	2024-08-29 14:21:34.398257-04
34	app	0016_item	2024-08-30 15:57:55.910745-04
35	app	0017_remove_product_discount	2024-09-02 20:45:49.820458-04
36	app	0018_item_is_checked	2024-09-02 22:55:16.437562-04
37	app	0019_recentlypurchasedproduct	2024-09-04 12:05:22.0393-04
38	app	0020_remove_item_created_at_remove_item_name_and_more	2024-10-28 11:21:35.312598-04
39	app	0020_rename_price_orderdetail_product_price_and_more	2024-10-29 23:14:42.868651-04
40	app	0021_orderdetail_taxable	2024-10-29 23:14:42.89877-04
41	app	0022_product_taxable	2024-10-29 23:14:42.906409-04
42	app	0023_remove_orderdetail_product_name_and_more	2024-10-29 23:14:42.945744-04
43	app	0024_order_submitted	2024-10-29 23:14:42.952035-04
44	app	0025_remove_orderdetail_product_orderdetail_product_name_and_more	2024-10-29 23:14:42.971297-04
45	app	0026_alter_orderdetail_product_name	2024-10-29 23:14:42.996504-04
46	app	0027_remove_orderdetail_product_name_and_more	2024-10-29 23:14:43.019396-04
47	app	0028_remove_orderdetail_product_orderdetail_product_name_and_more	2024-10-29 23:14:43.041817-04
48	app	0029_remove_orderdetail_taxable	2024-10-29 23:14:43.050654-04
49	app	0030_remove_orderdetail_product_name_and_more	2024-10-29 23:14:43.073579-04
50	app	0031_remove_orderdetail_custom_price_and_more	2024-10-29 23:14:43.096921-04
51	app	0032_rename_total_price_orderdetail_price_and_more	2024-10-29 23:14:43.134305-04
52	app	0033_item_first_name_item_item_name_item_item_number_and_more	2024-10-30 02:11:49.93318-04
\.


--
-- Data for Name: django_session; Type: TABLE DATA; Schema: public; Owner: postgres
--

COPY public.django_session (session_key, session_data, expire_date) FROM stdin;
vhulomefgz32sq9dsjlrrco5ux2583w9	.eJxVjs0KwjAQhN8l5xKy3fx69N5nCOlma6uSQH9AEN9dCwX1ODPfDPMUMW3rGLeF5zhlcRIgml-vT3Tjsgf5msqlSqplnade7og80kV2NfP9fLB_A2Naxk_bILqMxoUBlEsBQFPQytFgmAmdVgNmawxa33KwrdfWKATwRA56T_to4cca65yPp9CIr2hfb_GHQPc:1spEcR:xrStnMChnh7G-16DRaCq4nMVtUuS8CQYNYB96NC5RCk	2024-09-27 18:18:23.783908-04
yciqdo0ijlyzsaoenpoibh6f8mtii4ul	eyJvcmRlcl9pZCI6MX0:1t57Ux:Sr3JkoXs4VX5UXrP5l0WhOWPV2ILQ-VcfxzEpjFZLgs	2024-11-10 12:56:19.284933-05
lefwe80s7jvglx3zm2aurekk5nm2qna4	eyJuZXh0X29yZGVyX2lkIjoxLCJvcmRlcl9pZCI6Mn0:1t6YvE:r8Oh9RQCoSJKzrv9cZCmR9nmEw0clbJuJfHQchwMP-I	2024-11-14 12:25:24.519731-05
jaxhpoz3cayxgkql4laqer9jig53mico	eyJvcmRlcl9pZCI6NH0:1t70NP:68XRqwcPF3CQqY6rqcNc0ODcgrLfPe7jii8RM7G-Pak	2024-11-15 17:44:19.720728-05
dp3pytkmjk75b7cz1xu1w07cj0zdbv1n	.eJxVjDsOwyAQBe9CHaG1MZ-kTO8zWAu7BCcRSGBXUe6eWKJxOzPvfUSpxHVZSdzMRSy4b2nZWydiFCfmMbw4H4KemB9FhpK3unp5JLLbJudC_L739nSQsKX_GhV4raIfg7bsDDhGTWwCMF5VhAg8TS7yRM6w817bAAqisYNCA4Mm8f0B4zY8VA:1t8UyH:kk2MZH4fn01clLKNhgFRDLSHGrsuKoy8OjrTg8HNsU4	2024-11-19 20:36:33.680656-05
\.


--
-- Name: app_category_id_seq; Type: SEQUENCE SET; Schema: public; Owner: postgres
--

SELECT pg_catalog.setval('public.app_category_id_seq', 25, true);


--
-- Name: app_customer_customer_id_seq; Type: SEQUENCE SET; Schema: public; Owner: postgres
--

SELECT pg_catalog.setval('public.app_customer_customer_id_seq', 1, true);


--
-- Name: app_item_id_seq; Type: SEQUENCE SET; Schema: public; Owner: postgres
--

SELECT pg_catalog.setval('public.app_item_id_seq', 29, true);


--
-- Name: app_order_order_id_seq; Type: SEQUENCE SET; Schema: public; Owner: postgres
--

SELECT pg_catalog.setval('public.app_order_order_id_seq', 25, true);


--
-- Name: app_orderdetail_od_id_seq; Type: SEQUENCE SET; Schema: public; Owner: postgres
--

SELECT pg_catalog.setval('public.app_orderdetail_od_id_seq', 97, true);


--
-- Name: app_product_product_id_seq; Type: SEQUENCE SET; Schema: public; Owner: postgres
--

SELECT pg_catalog.setval('public.app_product_product_id_seq', 696, true);


--
-- Name: app_recentlypurchasedproduct_id_seq; Type: SEQUENCE SET; Schema: public; Owner: postgres
--

SELECT pg_catalog.setval('public.app_recentlypurchasedproduct_id_seq', 28, true);


--
-- Name: auth_group_id_seq; Type: SEQUENCE SET; Schema: public; Owner: postgres
--

SELECT pg_catalog.setval('public.auth_group_id_seq', 1, false);


--
-- Name: auth_group_permissions_id_seq; Type: SEQUENCE SET; Schema: public; Owner: postgres
--

SELECT pg_catalog.setval('public.auth_group_permissions_id_seq', 1, false);


--
-- Name: auth_permission_id_seq; Type: SEQUENCE SET; Schema: public; Owner: postgres
--

SELECT pg_catalog.setval('public.auth_permission_id_seq', 52, true);


--
-- Name: auth_user_groups_id_seq; Type: SEQUENCE SET; Schema: public; Owner: postgres
--

SELECT pg_catalog.setval('public.auth_user_groups_id_seq', 1, false);


--
-- Name: auth_user_id_seq; Type: SEQUENCE SET; Schema: public; Owner: postgres
--

SELECT pg_catalog.setval('public.auth_user_id_seq', 2, true);


--
-- Name: auth_user_user_permissions_id_seq; Type: SEQUENCE SET; Schema: public; Owner: postgres
--

SELECT pg_catalog.setval('public.auth_user_user_permissions_id_seq', 1, false);


--
-- Name: django_admin_log_id_seq; Type: SEQUENCE SET; Schema: public; Owner: postgres
--

SELECT pg_catalog.setval('public.django_admin_log_id_seq', 7, true);


--
-- Name: django_content_type_id_seq; Type: SEQUENCE SET; Schema: public; Owner: postgres
--

SELECT pg_catalog.setval('public.django_content_type_id_seq', 13, true);


--
-- Name: django_migrations_id_seq; Type: SEQUENCE SET; Schema: public; Owner: postgres
--

SELECT pg_catalog.setval('public.django_migrations_id_seq', 52, true);


--
-- Name: app_category app_category_pkey; Type: CONSTRAINT; Schema: public; Owner: postgres
--

ALTER TABLE ONLY public.app_category
    ADD CONSTRAINT app_category_pkey PRIMARY KEY (id);


--
-- Name: app_customer app_customer_pkey; Type: CONSTRAINT; Schema: public; Owner: postgres
--

ALTER TABLE ONLY public.app_customer
    ADD CONSTRAINT app_customer_pkey PRIMARY KEY (customer_id);


--
-- Name: app_item app_item_pkey; Type: CONSTRAINT; Schema: public; Owner: postgres
--

ALTER TABLE ONLY public.app_item
    ADD CONSTRAINT app_item_pkey PRIMARY KEY (id);


--
-- Name: app_order app_order_pkey; Type: CONSTRAINT; Schema: public; Owner: postgres
--

ALTER TABLE ONLY public.app_order
    ADD CONSTRAINT app_order_pkey PRIMARY KEY (order_id);


--
-- Name: app_orderdetail app_orderdetail_pkey; Type: CONSTRAINT; Schema: public; Owner: postgres
--

ALTER TABLE ONLY public.app_orderdetail
    ADD CONSTRAINT app_orderdetail_pkey PRIMARY KEY (od_id);


--
-- Name: app_product app_product_pkey; Type: CONSTRAINT; Schema: public; Owner: postgres
--

ALTER TABLE ONLY public.app_product
    ADD CONSTRAINT app_product_pkey PRIMARY KEY (product_id);


--
-- Name: app_recentlypurchasedproduct app_recentlypurchasedproduct_pkey; Type: CONSTRAINT; Schema: public; Owner: postgres
--

ALTER TABLE ONLY public.app_recentlypurchasedproduct
    ADD CONSTRAINT app_recentlypurchasedproduct_pkey PRIMARY KEY (id);


--
-- Name: auth_group auth_group_name_key; Type: CONSTRAINT; Schema: public; Owner: postgres
--

ALTER TABLE ONLY public.auth_group
    ADD CONSTRAINT auth_group_name_key UNIQUE (name);


--
-- Name: auth_group_permissions auth_group_permissions_group_id_permission_id_0cd325b0_uniq; Type: CONSTRAINT; Schema: public; Owner: postgres
--

ALTER TABLE ONLY public.auth_group_permissions
    ADD CONSTRAINT auth_group_permissions_group_id_permission_id_0cd325b0_uniq UNIQUE (group_id, permission_id);


--
-- Name: auth_group_permissions auth_group_permissions_pkey; Type: CONSTRAINT; Schema: public; Owner: postgres
--

ALTER TABLE ONLY public.auth_group_permissions
    ADD CONSTRAINT auth_group_permissions_pkey PRIMARY KEY (id);


--
-- Name: auth_group auth_group_pkey; Type: CONSTRAINT; Schema: public; Owner: postgres
--

ALTER TABLE ONLY public.auth_group
    ADD CONSTRAINT auth_group_pkey PRIMARY KEY (id);


--
-- Name: auth_permission auth_permission_content_type_id_codename_01ab375a_uniq; Type: CONSTRAINT; Schema: public; Owner: postgres
--

ALTER TABLE ONLY public.auth_permission
    ADD CONSTRAINT auth_permission_content_type_id_codename_01ab375a_uniq UNIQUE (content_type_id, codename);


--
-- Name: auth_permission auth_permission_pkey; Type: CONSTRAINT; Schema: public; Owner: postgres
--

ALTER TABLE ONLY public.auth_permission
    ADD CONSTRAINT auth_permission_pkey PRIMARY KEY (id);


--
-- Name: auth_user_groups auth_user_groups_pkey; Type: CONSTRAINT; Schema: public; Owner: postgres
--

ALTER TABLE ONLY public.auth_user_groups
    ADD CONSTRAINT auth_user_groups_pkey PRIMARY KEY (id);


--
-- Name: auth_user_groups auth_user_groups_user_id_group_id_94350c0c_uniq; Type: CONSTRAINT; Schema: public; Owner: postgres
--

ALTER TABLE ONLY public.auth_user_groups
    ADD CONSTRAINT auth_user_groups_user_id_group_id_94350c0c_uniq UNIQUE (user_id, group_id);


--
-- Name: auth_user auth_user_pkey; Type: CONSTRAINT; Schema: public; Owner: postgres
--

ALTER TABLE ONLY public.auth_user
    ADD CONSTRAINT auth_user_pkey PRIMARY KEY (id);


--
-- Name: auth_user_user_permissions auth_user_user_permissions_pkey; Type: CONSTRAINT; Schema: public; Owner: postgres
--

ALTER TABLE ONLY public.auth_user_user_permissions
    ADD CONSTRAINT auth_user_user_permissions_pkey PRIMARY KEY (id);


--
-- Name: auth_user_user_permissions auth_user_user_permissions_user_id_permission_id_14a6b632_uniq; Type: CONSTRAINT; Schema: public; Owner: postgres
--

ALTER TABLE ONLY public.auth_user_user_permissions
    ADD CONSTRAINT auth_user_user_permissions_user_id_permission_id_14a6b632_uniq UNIQUE (user_id, permission_id);


--
-- Name: auth_user auth_user_username_key; Type: CONSTRAINT; Schema: public; Owner: postgres
--

ALTER TABLE ONLY public.auth_user
    ADD CONSTRAINT auth_user_username_key UNIQUE (username);


--
-- Name: django_admin_log django_admin_log_pkey; Type: CONSTRAINT; Schema: public; Owner: postgres
--

ALTER TABLE ONLY public.django_admin_log
    ADD CONSTRAINT django_admin_log_pkey PRIMARY KEY (id);


--
-- Name: django_content_type django_content_type_app_label_model_76bd3d3b_uniq; Type: CONSTRAINT; Schema: public; Owner: postgres
--

ALTER TABLE ONLY public.django_content_type
    ADD CONSTRAINT django_content_type_app_label_model_76bd3d3b_uniq UNIQUE (app_label, model);


--
-- Name: django_content_type django_content_type_pkey; Type: CONSTRAINT; Schema: public; Owner: postgres
--

ALTER TABLE ONLY public.django_content_type
    ADD CONSTRAINT django_content_type_pkey PRIMARY KEY (id);


--
-- Name: django_migrations django_migrations_pkey; Type: CONSTRAINT; Schema: public; Owner: postgres
--

ALTER TABLE ONLY public.django_migrations
    ADD CONSTRAINT django_migrations_pkey PRIMARY KEY (id);


--
-- Name: django_session django_session_pkey; Type: CONSTRAINT; Schema: public; Owner: postgres
--

ALTER TABLE ONLY public.django_session
    ADD CONSTRAINT django_session_pkey PRIMARY KEY (session_key);


--
-- Name: app_orderdetail_order_id_id_73cc5002; Type: INDEX; Schema: public; Owner: postgres
--

CREATE INDEX app_orderdetail_order_id_id_73cc5002 ON public.app_orderdetail USING btree (order_id);


--
-- Name: app_orderdetail_product_id_f68d1331; Type: INDEX; Schema: public; Owner: postgres
--

CREATE INDEX app_orderdetail_product_id_f68d1331 ON public.app_orderdetail USING btree (product_id);


--
-- Name: app_product_category_id_023742a5; Type: INDEX; Schema: public; Owner: postgres
--

CREATE INDEX app_product_category_id_023742a5 ON public.app_product USING btree (category_id);


--
-- Name: app_recentlypurchasedproduct_product_id_67f4739e; Type: INDEX; Schema: public; Owner: postgres
--

CREATE INDEX app_recentlypurchasedproduct_product_id_67f4739e ON public.app_recentlypurchasedproduct USING btree (product_id);


--
-- Name: auth_group_name_a6ea08ec_like; Type: INDEX; Schema: public; Owner: postgres
--

CREATE INDEX auth_group_name_a6ea08ec_like ON public.auth_group USING btree (name varchar_pattern_ops);


--
-- Name: auth_group_permissions_group_id_b120cbf9; Type: INDEX; Schema: public; Owner: postgres
--

CREATE INDEX auth_group_permissions_group_id_b120cbf9 ON public.auth_group_permissions USING btree (group_id);


--
-- Name: auth_group_permissions_permission_id_84c5c92e; Type: INDEX; Schema: public; Owner: postgres
--

CREATE INDEX auth_group_permissions_permission_id_84c5c92e ON public.auth_group_permissions USING btree (permission_id);


--
-- Name: auth_permission_content_type_id_2f476e4b; Type: INDEX; Schema: public; Owner: postgres
--

CREATE INDEX auth_permission_content_type_id_2f476e4b ON public.auth_permission USING btree (content_type_id);


--
-- Name: auth_user_groups_group_id_97559544; Type: INDEX; Schema: public; Owner: postgres
--

CREATE INDEX auth_user_groups_group_id_97559544 ON public.auth_user_groups USING btree (group_id);


--
-- Name: auth_user_groups_user_id_6a12ed8b; Type: INDEX; Schema: public; Owner: postgres
--

CREATE INDEX auth_user_groups_user_id_6a12ed8b ON public.auth_user_groups USING btree (user_id);


--
-- Name: auth_user_user_permissions_permission_id_1fbb5f2c; Type: INDEX; Schema: public; Owner: postgres
--

CREATE INDEX auth_user_user_permissions_permission_id_1fbb5f2c ON public.auth_user_user_permissions USING btree (permission_id);


--
-- Name: auth_user_user_permissions_user_id_a95ead1b; Type: INDEX; Schema: public; Owner: postgres
--

CREATE INDEX auth_user_user_permissions_user_id_a95ead1b ON public.auth_user_user_permissions USING btree (user_id);


--
-- Name: auth_user_username_6821ab7c_like; Type: INDEX; Schema: public; Owner: postgres
--

CREATE INDEX auth_user_username_6821ab7c_like ON public.auth_user USING btree (username varchar_pattern_ops);


--
-- Name: django_admin_log_content_type_id_c4bce8eb; Type: INDEX; Schema: public; Owner: postgres
--

CREATE INDEX django_admin_log_content_type_id_c4bce8eb ON public.django_admin_log USING btree (content_type_id);


--
-- Name: django_admin_log_user_id_c564eba6; Type: INDEX; Schema: public; Owner: postgres
--

CREATE INDEX django_admin_log_user_id_c564eba6 ON public.django_admin_log USING btree (user_id);


--
-- Name: django_session_expire_date_a5c62663; Type: INDEX; Schema: public; Owner: postgres
--

CREATE INDEX django_session_expire_date_a5c62663 ON public.django_session USING btree (expire_date);


--
-- Name: django_session_session_key_c0390e0f_like; Type: INDEX; Schema: public; Owner: postgres
--

CREATE INDEX django_session_session_key_c0390e0f_like ON public.django_session USING btree (session_key varchar_pattern_ops);


--
-- Name: app_orderdetail app_orderdetail_order_id_04d70173_fk_app_order_order_id; Type: FK CONSTRAINT; Schema: public; Owner: postgres
--

ALTER TABLE ONLY public.app_orderdetail
    ADD CONSTRAINT app_orderdetail_order_id_04d70173_fk_app_order_order_id FOREIGN KEY (order_id) REFERENCES public.app_order(order_id) DEFERRABLE INITIALLY DEFERRED;


--
-- Name: app_orderdetail app_orderdetail_product_id_f68d1331_fk_app_product_product_id; Type: FK CONSTRAINT; Schema: public; Owner: postgres
--

ALTER TABLE ONLY public.app_orderdetail
    ADD CONSTRAINT app_orderdetail_product_id_f68d1331_fk_app_product_product_id FOREIGN KEY (product_id) REFERENCES public.app_product(product_id) DEFERRABLE INITIALLY DEFERRED;


--
-- Name: app_product app_product_category_id_023742a5_fk_app_category_id; Type: FK CONSTRAINT; Schema: public; Owner: postgres
--

ALTER TABLE ONLY public.app_product
    ADD CONSTRAINT app_product_category_id_023742a5_fk_app_category_id FOREIGN KEY (category_id) REFERENCES public.app_category(id) DEFERRABLE INITIALLY DEFERRED;


--
-- Name: app_recentlypurchasedproduct app_recentlypurchase_product_id_67f4739e_fk_app_produ; Type: FK CONSTRAINT; Schema: public; Owner: postgres
--

ALTER TABLE ONLY public.app_recentlypurchasedproduct
    ADD CONSTRAINT app_recentlypurchase_product_id_67f4739e_fk_app_produ FOREIGN KEY (product_id) REFERENCES public.app_product(product_id) DEFERRABLE INITIALLY DEFERRED;


--
-- Name: auth_group_permissions auth_group_permissio_permission_id_84c5c92e_fk_auth_perm; Type: FK CONSTRAINT; Schema: public; Owner: postgres
--

ALTER TABLE ONLY public.auth_group_permissions
    ADD CONSTRAINT auth_group_permissio_permission_id_84c5c92e_fk_auth_perm FOREIGN KEY (permission_id) REFERENCES public.auth_permission(id) DEFERRABLE INITIALLY DEFERRED;


--
-- Name: auth_group_permissions auth_group_permissions_group_id_b120cbf9_fk_auth_group_id; Type: FK CONSTRAINT; Schema: public; Owner: postgres
--

ALTER TABLE ONLY public.auth_group_permissions
    ADD CONSTRAINT auth_group_permissions_group_id_b120cbf9_fk_auth_group_id FOREIGN KEY (group_id) REFERENCES public.auth_group(id) DEFERRABLE INITIALLY DEFERRED;


--
-- Name: auth_permission auth_permission_content_type_id_2f476e4b_fk_django_co; Type: FK CONSTRAINT; Schema: public; Owner: postgres
--

ALTER TABLE ONLY public.auth_permission
    ADD CONSTRAINT auth_permission_content_type_id_2f476e4b_fk_django_co FOREIGN KEY (content_type_id) REFERENCES public.django_content_type(id) DEFERRABLE INITIALLY DEFERRED;


--
-- Name: auth_user_groups auth_user_groups_group_id_97559544_fk_auth_group_id; Type: FK CONSTRAINT; Schema: public; Owner: postgres
--

ALTER TABLE ONLY public.auth_user_groups
    ADD CONSTRAINT auth_user_groups_group_id_97559544_fk_auth_group_id FOREIGN KEY (group_id) REFERENCES public.auth_group(id) DEFERRABLE INITIALLY DEFERRED;


--
-- Name: auth_user_groups auth_user_groups_user_id_6a12ed8b_fk_auth_user_id; Type: FK CONSTRAINT; Schema: public; Owner: postgres
--

ALTER TABLE ONLY public.auth_user_groups
    ADD CONSTRAINT auth_user_groups_user_id_6a12ed8b_fk_auth_user_id FOREIGN KEY (user_id) REFERENCES public.auth_user(id) DEFERRABLE INITIALLY DEFERRED;


--
-- Name: auth_user_user_permissions auth_user_user_permi_permission_id_1fbb5f2c_fk_auth_perm; Type: FK CONSTRAINT; Schema: public; Owner: postgres
--

ALTER TABLE ONLY public.auth_user_user_permissions
    ADD CONSTRAINT auth_user_user_permi_permission_id_1fbb5f2c_fk_auth_perm FOREIGN KEY (permission_id) REFERENCES public.auth_permission(id) DEFERRABLE INITIALLY DEFERRED;


--
-- Name: auth_user_user_permissions auth_user_user_permissions_user_id_a95ead1b_fk_auth_user_id; Type: FK CONSTRAINT; Schema: public; Owner: postgres
--

ALTER TABLE ONLY public.auth_user_user_permissions
    ADD CONSTRAINT auth_user_user_permissions_user_id_a95ead1b_fk_auth_user_id FOREIGN KEY (user_id) REFERENCES public.auth_user(id) DEFERRABLE INITIALLY DEFERRED;


--
-- Name: django_admin_log django_admin_log_content_type_id_c4bce8eb_fk_django_co; Type: FK CONSTRAINT; Schema: public; Owner: postgres
--

ALTER TABLE ONLY public.django_admin_log
    ADD CONSTRAINT django_admin_log_content_type_id_c4bce8eb_fk_django_co FOREIGN KEY (content_type_id) REFERENCES public.django_content_type(id) DEFERRABLE INITIALLY DEFERRED;


--
-- Name: django_admin_log django_admin_log_user_id_c564eba6_fk_auth_user_id; Type: FK CONSTRAINT; Schema: public; Owner: postgres
--

ALTER TABLE ONLY public.django_admin_log
    ADD CONSTRAINT django_admin_log_user_id_c564eba6_fk_auth_user_id FOREIGN KEY (user_id) REFERENCES public.auth_user(id) DEFERRABLE INITIALLY DEFERRED;


--
-- Name: SCHEMA public; Type: ACL; Schema: -; Owner: anguschik
--

REVOKE USAGE ON SCHEMA public FROM PUBLIC;
GRANT ALL ON SCHEMA public TO PUBLIC;


--
-- PostgreSQL database dump complete
--

